node_index,node_cost,search,heuristic,failure,error,result,source_result
0,1,f5,hg,0,0,7,6
0,1,f5,hdiff,0,0,7,6
0,1,f5,hi,0,0,7,6
0,1,f5,hlength,1,0,7,18
0,1,f5,hmax,0,0,7,6
0,1,f5,hnba,0,0,15,10
0,1,f1,hg,0,0,7,6
0,1,f1,hdiff,0,0,7,6
0,1,f2,hg,0,0,13,6
0,1,f2,hdiff,1,0,7,14
0,1,f2,hi,0,0,13,6
0,1,f2,hlength,1,0,15,18
0,1,f2,hmax,0,0,7,6
0,1,f2,hnba,0,0,15,16
0,1,f4,hg,0,0,35,26
0,1,f4,hdiff,0,0,23,24
0,1,f4,hi,0,0,35,6
0,1,f4,hlength,0,0,37,24
0,1,f4,hmax,0,0,31,30
0,1,f4,hnba,0,0,37,36
0,1,f3,hg,1,0,7,10
0,1,f3,hdiff,0,0,15,16
0,1,f3,hi,1,0,23,32
0,1,f3,hlength,0,0,11,10
0,1,f3,hmax,0,0,17,16
0,1,f3,hnba,0,0,15,16
0,1,f6,hg,0,0,23,6
0,1,f6,hdiff,0,0,23,6
0,1,f6,hi,0,0,27,12
0,1,f6,hlength,0,0,29,28
0,1,f6,hmax,1,0,7,10
0,1,f6,hnba,0,0,27,18
1,1,f5,hg,0,0,7,6
1,1,f5,hdiff,0,0,7,6
1,1,f5,hi,0,0,7,6
1,1,f5,hlength,1,0,7,18
1,1,f5,hmax,0,0,7,6
1,1,f5,hnba,0,0,11,10
1,1,f1,hg,0,0,7,6
1,1,f1,hdiff,0,0,7,6
1,1,f2,hg,0,0,7,6
1,1,f2,hdiff,1,0,7,14
1,1,f2,hi,0,0,7,6
1,1,f2,hlength,1,0,7,18
1,1,f2,hmax,0,0,7,6
1,1,f2,hnba,0,0,15,16
1,1,f4,hg,0,0,35,26
1,1,f4,hdiff,0,0,25,24
1,1,f4,hi,0,0,19,6
1,1,f4,hlength,0,0,37,24
1,1,f4,hmax,0,0,31,30
1,1,f4,hnba,0,0,37,36
1,1,f3,hg,1,0,7,10
1,1,f3,hdiff,1,0,11,16
1,1,f3,hi,1,0,21,32
1,1,f3,hlength,0,0,11,10
1,1,f3,hmax,0,0,15,16
1,1,f3,hnba,0,0,15,16
1,1,f6,hg,0,0,27,6
1,1,f6,hdiff,0,0,15,6
1,1,f6,hi,0,0,19,12
1,1,f6,hlength,0,0,37,28
1,1,f6,hmax,1,0,7,10
1,1,f6,hnba,0,0,21,18
2,1,f5,hg,0,0,5,6
2,1,f5,hdiff,0,0,5,6
2,1,f5,hi,0,0,9,6
2,1,f5,hlength,0,0,19,18
2,1,f5,hmax,0,0,5,6
2,1,f5,hnba,0,0,9,10
2,1,f1,hg,0,0,5,6
2,1,f1,hdiff,0,0,5,6
2,1,f2,hg,0,0,5,6
2,1,f2,hdiff,1,0,5,14
2,1,f2,hi,0,0,5,6
2,1,f2,hlength,0,0,25,18
2,1,f2,hmax,0,0,5,6
2,1,f2,hnba,0,0,17,16
2,1,f4,hg,1,0,19,26
2,1,f4,hdiff,1,0,19,24
2,1,f4,hi,0,0,19,6
2,1,f4,hlength,0,0,31,24
2,1,f4,hmax,0,0,29,30
2,1,f4,hnba,1,0,23,36
2,1,f3,hg,0,0,9,10
2,1,f3,hdiff,1,0,9,16
2,1,f3,hi,1,0,5,32
2,1,f3,hlength,0,0,9,10
2,1,f3,hmax,0,0,17,16
2,1,f3,hnba,0,0,17,16
2,1,f6,hg,0,0,19,6
2,1,f6,hdiff,0,0,19,6
2,1,f6,hi,0,0,15,12
2,1,f6,hlength,1,0,21,28
2,1,f6,hmax,0,0,9,10
2,1,f6,hnba,0,0,21,18
3,2,f5,hg,0,0,14,6
3,2,f5,hdiff,0,0,8,6
3,2,f5,hi,0,0,8,6
3,2,f5,hlength,0,0,20,18
3,2,f5,hmax,0,0,8,6
3,2,f5,hnba,0,0,12,10
3,2,f1,hg,0,0,8,6
3,2,f1,hdiff,0,0,8,6
3,2,f2,hg,0,0,14,6
3,2,f2,hdiff,1,0,8,14
3,2,f2,hi,0,0,8,6
3,2,f2,hlength,0,0,16,18
3,2,f2,hmax,0,0,8,6
3,2,f2,hnba,1,0,12,16
3,2,f4,hg,0,0,36,26
3,2,f4,hdiff,0,0,24,24
3,2,f4,hi,0,0,14,6
3,2,f4,hlength,0,0,38,24
3,2,f4,hmax,0,0,32,30
3,2,f4,hnba,0,0,38,36
3,2,f3,hg,0,0,12,10
3,2,f3,hdiff,1,0,12,16
3,2,f3,hi,1,0,16,32
3,2,f3,hlength,0,0,12,10
3,2,f3,hmax,0,0,18,16
3,2,f3,hnba,1,0,12,16
3,2,f6,hg,0,0,22,6
3,2,f6,hdiff,0,0,8,6
3,2,f6,hi,0,0,20,12
3,2,f6,hlength,1,0,22,28
3,2,f6,hmax,0,0,12,10
3,2,f6,hnba,0,0,28,18
4,2,f5,hg,0,0,8,6
4,2,f5,hdiff,0,0,8,6
4,2,f5,hi,0,0,8,6
4,2,f5,hlength,0,0,18,18
4,2,f5,hmax,0,0,10,6
4,2,f5,hnba,0,0,8,10
4,2,f1,hg,0,0,8,6
4,2,f1,hdiff,0,0,12,6
4,2,f2,hg,0,0,8,6
4,2,f2,hdiff,0,0,22,14
4,2,f2,hi,0,0,8,6
4,2,f2,hlength,1,0,8,18
4,2,f2,hmax,0,0,10,6
4,2,f2,hnba,1,0,12,16
4,2,f4,hg,0,0,24,26
4,2,f4,hdiff,0,0,24,24
4,2,f4,hi,0,0,30,6
4,2,f4,hlength,0,0,36,24
4,2,f4,hmax,1,0,26,30
4,2,f4,hnba,0,0,38,36
4,2,f3,hg,0,0,12,10
4,2,f3,hdiff,1,0,10,16
4,2,f3,hi,1,0,16,32
4,2,f3,hlength,0,0,12,10
4,2,f3,hmax,0,0,18,16
4,2,f3,hnba,1,0,12,16
4,2,f6,hg,0,0,8,6
4,2,f6,hdiff,0,0,8,6
4,2,f6,hi,1,0,8,12
4,2,f6,hlength,1,0,24,28
4,2,f6,hmax,0,0,10,10
4,2,f6,hnba,0,0,16,18
5,2,f5,hg,0,0,14,6
5,2,f5,hdiff,0,0,14,6
5,2,f5,hi,0,0,8,6
5,2,f5,hlength,0,0,16,18
5,2,f5,hmax,0,0,10,6
5,2,f5,hnba,0,0,20,10
5,2,f1,hg,0,0,8,6
5,2,f1,hdiff,0,0,8,6
5,2,f2,hg,0,0,8,6
5,2,f2,hdiff,0,0,14,14
5,2,f2,hi,0,0,14,6
5,2,f2,hlength,0,0,24,18
5,2,f2,hmax,0,0,10,6
5,2,f2,hnba,0,0,14,16
5,2,f4,hg,0,0,28,26
5,2,f4,hdiff,0,0,34,24
5,2,f4,hi,0,0,28,6
5,2,f4,hlength,0,0,42,24
5,2,f4,hmax,0,0,30,30
5,2,f4,hnba,0,0,38,36
5,2,f3,hg,0,0,12,10
5,2,f3,hdiff,1,0,8,16
5,2,f3,hi,1,0,16,32
5,2,f3,hlength,0,0,12,10
5,2,f3,hmax,0,0,14,16
5,2,f3,hnba,0,0,14,16
5,2,f6,hg,0,0,20,6
5,2,f6,hdiff,0,0,20,6
5,2,f6,hi,0,0,22,12
5,2,f6,hlength,1,0,20,28
5,2,f6,hmax,0,0,10,10
5,2,f6,hnba,1,0,10,18
6,2,f5,hg,0,0,16,6
6,2,f5,hdiff,0,0,8,6
6,2,f5,hi,0,0,8,6
6,2,f5,hlength,0,0,18,18
6,2,f5,hmax,0,0,8,6
6,2,f5,hnba,0,0,8,10
6,2,f1,hg,0,0,8,6
6,2,f1,hdiff,0,0,8,6
6,2,f2,hg,0,0,22,6
6,2,f2,hdiff,1,0,8,14
6,2,f2,hi,0,0,8,6
6,2,f2,hlength,0,0,26,18
6,2,f2,hmax,0,0,8,6
6,2,f2,hnba,1,0,12,16
6,2,f4,hg,0,0,36,26
6,2,f4,hdiff,0,0,26,24
6,2,f4,hi,0,0,18,6
6,2,f4,hlength,0,0,44,24
6,2,f4,hmax,0,0,32,30
6,2,f4,hnba,0,0,38,36
6,2,f3,hg,0,0,8,10
6,2,f3,hdiff,1,0,12,16
6,2,f3,hi,1,0,16,32
6,2,f3,hlength,0,0,12,10
6,2,f3,hmax,0,0,16,16
6,2,f3,hnba,1,0,12,16
6,2,f6,hg,0,0,22,6
6,2,f6,hdiff,0,0,8,6
6,2,f6,hi,0,0,18,12
6,2,f6,hlength,1,0,22,28
6,2,f6,hmax,0,0,12,10
6,2,f6,hnba,0,0,28,18
7,2,f5,hg,0,0,10,6
7,2,f5,hdiff,0,0,10,6
7,2,f5,hi,0,0,6,6
7,2,f5,hlength,1,0,10,18
7,2,f5,hmax,0,0,6,6
7,2,f5,hnba,0,0,10,10
7,2,f1,hg,0,0,10,6
7,2,f1,hdiff,0,0,10,6
7,2,f2,hg,0,0,10,6
7,2,f2,hdiff,1,0,10,14
7,2,f2,hi,0,0,8,6
7,2,f2,hlength,1,0,10,18
7,2,f2,hmax,0,0,6,6
7,2,f2,hnba,1,0,8,16
7,2,f4,hg,1,0,10,26
7,2,f4,hdiff,1,0,10,24
7,2,f4,hi,0,0,8,6
7,2,f4,hlength,1,0,18,24
7,2,f4,hmax,0,0,34,30
7,2,f4,hnba,1,0,22,36
7,2,f3,hg,0,0,8,10
7,2,f3,hdiff,1,0,8,16
7,2,f3,hi,1,0,10,32
7,2,f3,hlength,0,0,8,10
7,2,f3,hmax,0,0,16,16
7,2,f3,hnba,1,0,8,16
7,2,f6,hg,0,0,10,6
7,2,f6,hdiff,0,0,10,6
7,2,f6,hi,1,0,6,12
7,2,f6,hlength,1,0,10,28
7,2,f6,hmax,1,0,6,10
7,2,f6,hnba,1,0,10,18
8,2,f5,hg,0,0,6,6
8,2,f5,hdiff,0,0,6,6
8,2,f5,hi,0,0,6,6
8,2,f5,hlength,1,0,6,18
8,2,f5,hmax,0,0,6,6
8,2,f5,hnba,0,0,10,10
8,2,f1,hg,0,0,6,6
8,2,f1,hdiff,0,0,6,6
8,2,f2,hg,0,0,6,6
8,2,f2,hdiff,0,0,16,14
8,2,f2,hi,0,0,10,6
8,2,f2,hlength,0,0,18,18
8,2,f2,hmax,0,0,6,6
8,2,f2,hnba,0,0,20,16
8,2,f4,hg,0,0,36,26
8,2,f4,hdiff,0,0,38,24
8,2,f4,hi,0,0,16,6
8,2,f4,hlength,1,0,20,24
8,2,f4,hmax,0,0,30,30
8,2,f4,hnba,0,0,38,36
8,2,f3,hg,1,0,6,10
8,2,f3,hdiff,0,0,16,16
8,2,f3,hi,1,0,6,32
8,2,f3,hlength,1,0,6,10
8,2,f3,hmax,0,0,18,16
8,2,f3,hnba,0,0,20,16
8,2,f6,hg,0,0,6,6
8,2,f6,hdiff,0,0,6,6
8,2,f6,hi,0,0,10,12
8,2,f6,hlength,0,0,26,28
8,2,f6,hmax,0,0,10,10
8,2,f6,hnba,0,0,20,18
9,2,f5,hg,0,0,4,6
9,2,f5,hdiff,0,0,4,6
9,2,f5,hi,0,0,4,6
9,2,f5,hlength,1,0,4,18
9,2,f5,hmax,0,0,4,6
9,2,f5,hnba,1,0,4,10
9,2,f1,hg,0,0,4,6
9,2,f1,hdiff,0,0,4,6
9,2,f2,hg,0,0,4,6
9,2,f2,hdiff,1,0,4,14
9,2,f2,hi,0,0,4,6
9,2,f2,hlength,1,0,4,18
9,2,f2,hmax,0,0,4,6
9,2,f2,hnba,1,0,4,16
9,2,f4,hg,1,0,18,26
9,2,f4,hdiff,1,0,18,24
9,2,f4,hi,0,0,4,6
9,2,f4,hlength,1,0,4,24
9,2,f4,hmax,1,0,26,30
9,2,f4,hnba,1,0,18,36
9,2,f3,hg,1,0,4,10
9,2,f3,hdiff,1,0,4,16
9,2,f3,hi,1,0,4,32
9,2,f3,hlength,1,0,4,10
9,2,f3,hmax,1,0,4,16
9,2,f3,hnba,1,0,4,16
9,2,f6,hg,0,0,4,6
9,2,f6,hdiff,0,0,4,6
9,2,f6,hi,1,0,4,12
9,2,f6,hlength,1,0,4,28
9,2,f6,hmax,1,0,4,10
9,2,f6,hnba,1,0,4,18
10,3,f5,hg,0,0,17,6
10,3,f5,hdiff,0,0,15,6
10,3,f5,hi,0,0,9,6
10,3,f5,hlength,0,0,21,18
10,3,f5,hmax,0,0,9,6
10,3,f5,hnba,0,0,23,10
10,3,f1,hg,0,0,9,6
10,3,f1,hdiff,0,0,9,6
10,3,f2,hg,0,0,15,6
10,3,f2,hdiff,0,0,15,14
10,3,f2,hi,0,0,9,6
10,3,f2,hlength,0,0,17,18
10,3,f2,hmax,0,0,9,6
10,3,f2,hnba,0,0,17,16
10,3,f4,hg,0,0,37,26
10,3,f4,hdiff,0,0,25,24
10,3,f4,hi,0,0,21,6
10,3,f4,hlength,0,0,39,24
10,3,f4,hmax,0,0,33,30
10,3,f4,hnba,0,0,39,36
10,3,f3,hg,0,0,13,10
10,3,f3,hdiff,0,0,13,16
10,3,f3,hi,1,0,13,32
10,3,f3,hlength,0,0,13,10
10,3,f3,hmax,0,0,19,16
10,3,f3,hnba,0,0,17,16
10,3,f6,hg,0,0,25,6
10,3,f6,hdiff,0,0,19,6
10,3,f6,hi,0,0,33,12
10,3,f6,hlength,0,0,31,28
10,3,f6,hmax,0,0,13,10
10,3,f6,hnba,0,0,23,18
11,3,f5,hg,0,0,11,6
11,3,f5,hdiff,0,0,11,6
11,3,f5,hi,0,0,9,6
11,3,f5,hlength,0,0,17,18
11,3,f5,hmax,0,0,9,6
11,3,f5,hnba,0,0,11,10
11,3,f1,hg,0,0,11,6
11,3,f1,hdiff,0,0,11,6
11,3,f2,hg,0,0,9,6
11,3,f2,hdiff,0,0,13,14
11,3,f2,hi,0,0,9,6
11,3,f2,hlength,1,0,9,18
11,3,f2,hmax,0,0,9,6
11,3,f2,hnba,0,0,17,16
11,3,f4,hg,0,0,25,26
11,3,f4,hdiff,0,0,33,24
11,3,f4,hi,0,0,39,6
11,3,f4,hlength,0,0,37,24
11,3,f4,hmax,1,0,25,30
11,3,f4,hnba,0,0,37,36
11,3,f3,hg,0,0,9,10
11,3,f3,hdiff,0,0,15,16
11,3,f3,hi,1,0,19,32
11,3,f3,hlength,0,0,11,10
11,3,f3,hmax,0,0,19,16
11,3,f3,hnba,0,0,17,16
11,3,f6,hg,0,0,33,6
11,3,f6,hdiff,0,0,41,6
11,3,f6,hi,0,0,13,12
11,3,f6,hlength,1,0,19,28
11,3,f6,hmax,0,0,17,10
11,3,f6,hnba,0,0,17,18
12,3,f5,hg,0,0,19,6
12,3,f5,hdiff,0,0,13,6
12,3,f5,hi,0,0,13,6
12,3,f5,hlength,0,0,15,18
12,3,f5,hmax,0,0,9,6
12,3,f5,hnba,0,0,13,10
12,3,f1,hg,0,0,9,6
12,3,f1,hdiff,0,0,9,6
12,3,f2,hg,0,0,9,6
12,3,f2,hdiff,0,0,13,14
12,3,f2,hi,0,0,13,6
12,3,f2,hlength,1,0,9,18
12,3,f2,hmax,0,0,9,6
12,3,f2,hnba,1,0,9,16
12,3,f4,hg,0,0,29,26
12,3,f4,hdiff,0,0,33,24
12,3,f4,hi,0,0,25,6
12,3,f4,hlength,0,0,29,24
12,3,f4,hmax,0,0,29,30
12,3,f4,hnba,0,0,37,36
12,3,f3,hg,0,0,11,10
12,3,f3,hdiff,1,0,9,16
12,3,f3,hi,1,0,17,32
12,3,f3,hlength,0,0,11,10
12,3,f3,hmax,0,0,13,16
12,3,f3,hnba,1,0,9,16
12,3,f6,hg,0,0,19,6
12,3,f6,hdiff,0,0,13,6
12,3,f6,hi,0,0,13,12
12,3,f6,hlength,1,0,19,28
12,3,f6,hmax,0,0,15,10
12,3,f6,hnba,0,0,29,18
13,3,f5,hg,0,0,19,6
13,3,f5,hdiff,0,0,19,6
13,3,f5,hi,0,0,9,6
13,3,f5,hlength,0,0,19,18
13,3,f5,hmax,0,0,9,6
13,3,f5,hnba,0,0,27,10
13,3,f1,hg,0,0,9,6
13,3,f1,hdiff,0,0,9,6
13,3,f2,hg,0,0,23,6
13,3,f2,hdiff,0,0,17,14
13,3,f2,hi,0,0,9,6
13,3,f2,hlength,0,0,27,18
13,3,f2,hmax,0,0,9,6
13,3,f2,hnba,0,0,15,16
13,3,f4,hg,0,0,37,26
13,3,f4,hdiff,0,0,27,24
13,3,f4,hi,0,0,37,6
13,3,f4,hlength,0,0,45,24
13,3,f4,hmax,0,0,33,30
13,3,f4,hnba,0,0,39,36
13,3,f3,hg,0,0,13,10
13,3,f3,hdiff,0,0,15,16
13,3,f3,hi,1,0,9,32
13,3,f3,hlength,0,0,13,10
13,3,f3,hmax,0,0,17,16
13,3,f3,hnba,0,0,15,16
13,3,f6,hg,0,0,29,6
13,3,f6,hdiff,0,0,37,6
13,3,f6,hi,0,0,31,12
13,3,f6,hlength,0,0,39,28
13,3,f6,hmax,0,0,13,10
13,3,f6,hnba,0,0,33,18
14,3,f5,hg,0,0,9,6
14,3,f5,hdiff,0,0,9,6
14,3,f5,hi,0,0,7,6
14,3,f5,hlength,0,0,15,18
14,3,f5,hmax,0,0,7,6
14,3,f5,hnba,0,0,9,10
14,3,f1,hg,0,0,9,6
14,3,f1,hdiff,0,0,9,6
14,3,f2,hg,0,0,9,6
14,3,f2,hdiff,1,0,9,14
14,3,f2,hi,0,0,7,6
14,3,f2,hlength,1,0,9,18
14,3,f2,hmax,0,0,7,6
14,3,f2,hnba,1,0,9,16
14,3,f4,hg,1,0,9,26
14,3,f4,hdiff,1,0,9,24
14,3,f4,hi,0,0,21,6
14,3,f4,hlength,0,0,31,24
14,3,f4,hmax,1,0,23,30
14,3,f4,hnba,1,0,23,36
14,3,f3,hg,0,0,9,10
14,3,f3,hdiff,1,0,7,16
14,3,f3,hi,1,0,7,32
14,3,f3,hlength,0,0,9,10
14,3,f3,hmax,0,0,15,16
14,3,f3,hnba,1,0,9,16
14,3,f6,hg,0,0,9,6
14,3,f6,hdiff,0,0,9,6
14,3,f6,hi,0,0,15,12
14,3,f6,hlength,0,0,31,28
14,3,f6,hmax,0,0,13,10
14,3,f6,hnba,0,0,21,18
15,3,f5,hg,0,0,13,6
15,3,f5,hdiff,0,0,11,6
15,3,f5,hi,0,0,7,6
15,3,f5,hlength,1,0,13,18
15,3,f5,hmax,0,0,7,6
15,3,f5,hnba,0,0,11,10
15,3,f1,hg,0,0,13,6
15,3,f1,hdiff,0,0,11,6
15,3,f2,hg,0,0,11,6
15,3,f2,hdiff,0,0,11,14
15,3,f2,hi,0,0,7,6
15,3,f2,hlength,1,0,13,18
15,3,f2,hmax,0,0,7,6
15,3,f2,hnba,0,0,17,16
15,3,f4,hg,1,0,21,26
15,3,f4,hdiff,1,0,11,24
15,3,f4,hi,0,0,13,6
15,3,f4,hlength,0,0,21,24
15,3,f4,hmax,0,0,27,30
15,3,f4,hnba,1,0,23,36
15,3,f3,hg,0,0,7,10
15,3,f3,hdiff,1,0,9,16
15,3,f3,hi,1,0,9,32
15,3,f3,hlength,0,0,9,10
15,3,f3,hmax,0,0,13,16
15,3,f3,hnba,0,0,17,16
15,3,f6,hg,0,0,21,6
15,3,f6,hdiff,0,0,11,6
15,3,f6,hi,0,0,19,12
15,3,f6,hlength,0,0,29,28
15,3,f6,hmax,0,0,13,10
15,3,f6,hnba,0,0,17,18
16,3,f5,hg,0,0,7,6
16,3,f5,hdiff,0,0,11,6
16,3,f5,hi,0,0,7,6
16,3,f5,hlength,1,0,7,18
16,3,f5,hmax,0,0,7,6
16,3,f5,hnba,0,0,7,10
16,3,f1,hg,0,0,7,6
16,3,f1,hdiff,0,0,7,6
16,3,f2,hg,0,0,15,6
16,3,f2,hdiff,1,0,7,14
16,3,f2,hi,0,0,7,6
16,3,f2,hlength,1,0,7,18
16,3,f2,hmax,0,0,7,6
16,3,f2,hnba,1,0,7,16
16,3,f4,hg,0,0,27,26
16,3,f4,hdiff,0,0,25,24
16,3,f4,hi,0,0,11,6
16,3,f4,hlength,1,0,17,24
16,3,f4,hmax,0,0,27,30
16,3,f4,hnba,1,0,31,36
16,3,f3,hg,0,0,7,10
16,3,f3,hdiff,1,0,7,16
16,3,f3,hi,1,0,7,32
16,3,f3,hlength,0,0,7,10
16,3,f3,hmax,1,0,7,16
16,3,f3,hnba,1,0,7,16
16,3,f6,hg,0,0,29,6
16,3,f6,hdiff,0,0,27,6
16,3,f6,hi,0,0,19,12
16,3,f6,hlength,1,0,7,28
16,3,f6,hmax,0,0,13,10
16,3,f6,hnba,0,0,19,18
17,3,f5,hg,0,0,7,6
17,3,f5,hdiff,0,0,7,6
17,3,f5,hi,0,0,7,6
17,3,f5,hlength,1,0,7,18
17,3,f5,hmax,0,0,7,6
17,3,f5,hnba,0,0,7,10
17,3,f1,hg,0,0,7,6
17,3,f1,hdiff,0,0,7,6
17,3,f2,hg,0,0,17,6
17,3,f2,hdiff,1,0,7,14
17,3,f2,hi,0,0,7,6
17,3,f2,hlength,0,0,17,18
17,3,f2,hmax,0,0,7,6
17,3,f2,hnba,0,0,17,16
17,3,f4,hg,0,0,35,26
17,3,f4,hdiff,0,0,25,24
17,3,f4,hi,0,0,19,6
17,3,f4,hlength,0,0,21,24
17,3,f4,hmax,0,0,31,30
17,3,f4,hnba,0,0,37,36
17,3,f3,hg,0,0,11,10
17,3,f3,hdiff,1,0,7,16
17,3,f3,hi,1,0,19,32
17,3,f3,hlength,0,0,11,10
17,3,f3,hmax,0,0,15,16
17,3,f3,hnba,0,0,17,16
17,3,f6,hg,0,0,25,6
17,3,f6,hdiff,0,0,21,6
17,3,f6,hi,0,0,19,12
17,3,f6,hlength,0,0,25,28
17,3,f6,hmax,0,0,23,10
17,3,f6,hnba,0,0,25,18
18,3,f5,hg,0,0,7,6
18,3,f5,hdiff,0,0,7,6
18,3,f5,hi,0,0,7,6
18,3,f5,hlength,1,0,7,18
18,3,f5,hmax,0,0,7,6
18,3,f5,hnba,0,0,7,10
18,3,f1,hg,0,0,7,6
18,3,f1,hdiff,0,0,7,6
18,3,f2,hg,0,0,19,6
18,3,f2,hdiff,1,0,7,14
18,3,f2,hi,0,0,11,6
18,3,f2,hlength,0,0,23,18
18,3,f2,hmax,0,0,7,6
18,3,f2,hnba,0,0,17,16
18,3,f4,hg,0,0,35,26
18,3,f4,hdiff,0,0,39,24
18,3,f4,hi,0,0,15,6
18,3,f4,hlength,0,0,21,24
18,3,f4,hmax,0,0,31,30
18,3,f4,hnba,0,0,39,36
18,3,f3,hg,0,0,11,10
18,3,f3,hdiff,1,0,7,16
18,3,f3,hi,1,0,25,32
18,3,f3,hlength,0,0,11,10
18,3,f3,hmax,0,0,17,16
18,3,f3,hnba,0,0,17,16
18,3,f6,hg,0,0,23,6
18,3,f6,hdiff,0,0,21,6
18,3,f6,hi,0,0,15,12
18,3,f6,hlength,0,0,37,28
18,3,f6,hmax,0,0,23,10
18,3,f6,hnba,0,0,19,18
19,3,f5,hg,0,0,5,6
19,3,f5,hdiff,0,0,5,6
19,3,f5,hi,0,0,5,6
19,3,f5,hlength,1,0,5,18
19,3,f5,hmax,0,0,5,6
19,3,f5,hnba,1,0,5,10
19,3,f1,hg,0,0,5,6
19,3,f1,hdiff,0,0,5,6
19,3,f2,hg,0,0,5,6
19,3,f2,hdiff,1,0,5,14
19,3,f2,hi,0,0,5,6
19,3,f2,hlength,0,0,21,18
19,3,f2,hmax,0,0,5,6
19,3,f2,hnba,1,0,5,16
19,3,f4,hg,1,0,17,26
19,3,f4,hdiff,1,0,17,24
19,3,f4,hi,0,0,5,6
19,3,f4,hlength,1,0,17,24
19,3,f4,hmax,1,0,5,30
19,3,f4,hnba,1,0,5,36
19,3,f3,hg,0,0,11,10
19,3,f3,hdiff,1,0,5,16
19,3,f3,hi,1,0,17,32
19,3,f3,hlength,0,0,11,10
19,3,f3,hmax,0,0,17,16
19,3,f3,hnba,1,0,5,16
19,3,f6,hg,0,0,5,6
19,3,f6,hdiff,0,0,5,6
19,3,f6,hi,1,0,5,12
19,3,f6,hlength,1,0,5,28
19,3,f6,hmax,0,0,17,10
19,3,f6,hnba,1,0,5,18
20,3,f5,hg,0,0,3,6
20,3,f5,hdiff,0,0,3,6
20,3,f5,hi,0,0,3,6
20,3,f5,hlength,1,0,3,18
20,3,f5,hmax,0,0,3,6
20,3,f5,hnba,1,0,3,10
20,3,f1,hg,0,0,3,6
20,3,f1,hdiff,0,0,3,6
20,3,f2,hg,0,0,3,6
20,3,f2,hdiff,1,0,3,14
20,3,f2,hi,0,0,3,6
20,3,f2,hlength,1,0,3,18
20,3,f2,hmax,0,0,3,6
20,3,f2,hnba,1,0,3,16
20,3,f4,hg,1,0,3,26
20,3,f4,hdiff,1,0,3,24
20,3,f4,hi,0,0,3,6
20,3,f4,hlength,1,0,3,24
20,3,f4,hmax,1,0,3,30
20,3,f4,hnba,1,0,3,36
20,3,f3,hg,1,0,3,10
20,3,f3,hdiff,1,0,3,16
20,3,f3,hi,1,0,3,32
20,3,f3,hlength,1,0,3,10
20,3,f3,hmax,1,0,3,16
20,3,f3,hnba,1,0,3,16
20,3,f6,hg,0,0,3,6
20,3,f6,hdiff,0,0,3,6
20,3,f6,hi,1,0,3,12
20,3,f6,hlength,1,0,3,28
20,3,f6,hmax,1,0,3,10
20,3,f6,hnba,1,0,3,18
21,4,f5,hg,0,0,16,6
21,4,f5,hdiff,0,0,10,6
21,4,f5,hi,0,0,22,6
21,4,f5,hlength,0,0,22,18
21,4,f5,hmax,0,0,10,6
21,4,f5,hnba,0,0,14,10
21,4,f1,hg,0,0,10,6
21,4,f1,hdiff,0,0,10,6
21,4,f2,hg,0,0,16,6
21,4,f2,hdiff,0,0,16,14
21,4,f2,hi,0,0,10,6
21,4,f2,hlength,0,0,18,18
21,4,f2,hmax,0,0,10,6
21,4,f2,hnba,0,0,18,16
21,4,f4,hg,0,0,38,26
21,4,f4,hdiff,0,0,26,24
21,4,f4,hi,0,0,42,6
21,4,f4,hlength,0,0,40,24
21,4,f4,hmax,0,0,34,30
21,4,f4,hnba,0,0,40,36
21,4,f3,hg,0,0,14,10
21,4,f3,hdiff,0,0,14,16
21,4,f3,hi,1,0,18,32
21,4,f3,hlength,0,0,14,10
21,4,f3,hmax,0,0,20,16
21,4,f3,hnba,0,0,18,16
21,4,f6,hg,0,0,24,6
21,4,f6,hdiff,0,0,10,6
21,4,f6,hi,0,0,30,12
21,4,f6,hlength,0,0,24,28
21,4,f6,hmax,0,0,16,10
21,4,f6,hnba,0,0,18,18
22,4,f5,hg,0,0,10,6
22,4,f5,hdiff,0,0,10,6
22,4,f5,hi,0,0,8,6
22,4,f5,hlength,0,0,18,18
22,4,f5,hmax,0,0,8,6
22,4,f5,hnba,0,0,10,10
22,4,f1,hg,0,0,10,6
22,4,f1,hdiff,0,0,10,6
22,4,f2,hg,0,0,10,6
22,4,f2,hdiff,0,0,12,14
22,4,f2,hi,0,0,8,6
22,4,f2,hlength,1,0,10,18
22,4,f2,hmax,0,0,8,6
22,4,f2,hnba,0,0,20,16
22,4,f4,hg,0,0,32,26
22,4,f4,hdiff,0,0,24,24
22,4,f4,hi,0,0,8,6
22,4,f4,hlength,0,0,30,24
22,4,f4,hmax,0,0,36,30
22,4,f4,hnba,0,0,44,36
22,4,f3,hg,0,0,10,10
22,4,f3,hdiff,0,0,18,16
22,4,f3,hi,0,0,28,32
22,4,f3,hlength,0,0,10,10
22,4,f3,hmax,0,0,20,16
22,4,f3,hnba,0,0,20,16
22,4,f6,hg,0,0,18,6
22,4,f6,hdiff,0,0,18,6
22,4,f6,hi,0,0,8,12
22,4,f6,hlength,1,0,18,28
22,4,f6,hmax,0,0,8,10
22,4,f6,hnba,0,0,18,18
23,4,f5,hg,0,0,10,6
23,4,f5,hdiff,0,0,12,6
23,4,f5,hi,0,0,10,6
23,4,f5,hlength,0,0,20,18
23,4,f5,hmax,0,0,10,6
23,4,f5,hnba,0,0,12,10
23,4,f1,hg,0,0,12,6
23,4,f1,hdiff,0,0,12,6
23,4,f2,hg,0,0,10,6
23,4,f2,hdiff,0,0,18,14
23,4,f2,hi,0,0,10,6
23,4,f2,hlength,1,0,10,18
23,4,f2,hmax,0,0,10,6
23,4,f2,hnba,0,0,12,16
23,4,f4,hg,0,0,26,26
23,4,f4,hdiff,0,0,34,24
23,4,f4,hi,0,0,28,6
23,4,f4,hlength,0,0,38,24
23,4,f4,hmax,0,0,26,30
23,4,f4,hnba,0,0,38,36
23,4,f3,hg,0,0,10,10
23,4,f3,hdiff,0,0,16,16
23,4,f3,hi,1,0,20,32
23,4,f3,hlength,0,0,12,10
23,4,f3,hmax,0,0,20,16
23,4,f3,hnba,0,0,12,16
23,4,f6,hg,0,0,10,6
23,4,f6,hdiff,0,0,18,6
23,4,f6,hi,0,0,10,12
23,4,f6,hlength,0,0,26,28
23,4,f6,hmax,0,0,10,10
23,4,f6,hnba,0,0,22,18
24,4,f5,hg,0,0,10,6
24,4,f5,hdiff,0,0,16,6
24,4,f5,hi,0,0,8,6
24,4,f5,hlength,1,0,12,18
24,4,f5,hmax,0,0,8,6
24,4,f5,hnba,0,0,10,10
24,4,f1,hg,0,0,14,6
24,4,f1,hdiff,0,0,8,6
24,4,f2,hg,0,0,12,6
24,4,f2,hdiff,0,0,12,14
24,4,f2,hi,0,0,10,6
24,4,f2,hlength,1,0,12,18
24,4,f2,hmax,0,0,8,6
24,4,f2,hnba,0,0,12,16
24,4,f4,hg,0,0,32,26
24,4,f4,hdiff,0,0,24,24
24,4,f4,hi,0,0,16,6
24,4,f4,hlength,0,0,30,24
24,4,f4,hmax,0,0,28,30
24,4,f4,hnba,0,0,44,36
24,4,f3,hg,0,0,8,10
24,4,f3,hdiff,0,0,12,16
24,4,f3,hi,1,0,14,32
24,4,f3,hlength,0,0,10,10
24,4,f3,hmax,0,0,12,16
24,4,f3,hnba,0,0,12,16
24,4,f6,hg,0,0,18,6
24,4,f6,hdiff,0,0,18,6
24,4,f6,hi,0,0,20,12
24,4,f6,hlength,1,0,18,28
24,4,f6,hmax,0,0,8,10
24,4,f6,hnba,0,0,14,18
25,4,f5,hg,0,0,10,6
25,4,f5,hdiff,0,0,18,6
25,4,f5,hi,0,0,10,6
25,4,f5,hlength,0,0,18,18
25,4,f5,hmax,0,0,10,6
25,4,f5,hnba,0,0,12,10
25,4,f1,hg,0,0,10,6
25,4,f1,hdiff,0,0,14,6
25,4,f2,hg,0,0,10,6
25,4,f2,hdiff,0,0,18,14
25,4,f2,hi,0,0,10,6
25,4,f2,hlength,1,0,10,18
25,4,f2,hmax,0,0,10,6
25,4,f2,hnba,0,0,12,16
25,4,f4,hg,0,0,30,26
25,4,f4,hdiff,0,0,34,24
25,4,f4,hi,0,0,16,6
25,4,f4,hlength,0,0,30,24
25,4,f4,hmax,0,0,30,30
25,4,f4,hnba,0,0,38,36
25,4,f3,hg,0,0,12,10
25,4,f3,hdiff,1,0,10,16
25,4,f3,hi,1,0,24,32
25,4,f3,hlength,0,0,12,10
25,4,f3,hmax,0,0,14,16
25,4,f3,hnba,0,0,12,16
25,4,f6,hg,0,0,10,6
25,4,f6,hdiff,0,0,20,6
25,4,f6,hi,0,0,10,12
25,4,f6,hlength,0,0,30,28
25,4,f6,hmax,0,0,10,10
25,4,f6,hnba,0,0,20,18
26,4,f5,hg,0,0,18,6
26,4,f5,hdiff,0,0,10,6
26,4,f5,hi,0,0,18,6
26,4,f5,hlength,0,0,20,18
26,4,f5,hmax,0,0,10,6
26,4,f5,hnba,0,0,14,10
26,4,f1,hg,0,0,10,6
26,4,f1,hdiff,0,0,10,6
26,4,f2,hg,0,0,24,6
26,4,f2,hdiff,0,0,18,14
26,4,f2,hi,0,0,10,6
26,4,f2,hlength,0,0,28,18
26,4,f2,hmax,0,0,10,6
26,4,f2,hnba,0,0,16,16
26,4,f4,hg,0,0,38,26
26,4,f4,hdiff,0,0,28,24
26,4,f4,hi,0,0,50,6
26,4,f4,hlength,0,0,46,24
26,4,f4,hmax,0,0,34,30
26,4,f4,hnba,0,0,40,36
26,4,f3,hg,0,0,14,10
26,4,f3,hdiff,0,0,16,16
26,4,f3,hi,1,0,18,32
26,4,f3,hlength,0,0,14,10
26,4,f3,hmax,0,0,18,16
26,4,f3,hnba,0,0,16,16
26,4,f6,hg,0,0,24,6
26,4,f6,hdiff,0,0,10,6
26,4,f6,hi,0,0,32,12
26,4,f6,hlength,0,0,24,28
26,4,f6,hmax,0,0,16,10
26,4,f6,hnba,0,0,22,18
27,4,f5,hg,0,0,10,6
27,4,f5,hdiff,0,0,10,6
27,4,f5,hi,0,0,8,6
27,4,f5,hlength,1,0,12,18
27,4,f5,hmax,0,0,8,6
27,4,f5,hnba,0,0,10,10
27,4,f1,hg,0,0,10,6
27,4,f1,hdiff,0,0,10,6
27,4,f2,hg,0,0,10,6
27,4,f2,hdiff,0,0,14,14
27,4,f2,hi,0,0,8,6
27,4,f2,hlength,0,0,16,18
27,4,f2,hmax,0,0,8,6
27,4,f2,hnba,0,0,20,16
27,4,f4,hg,0,0,40,26
27,4,f4,hdiff,0,0,38,24
27,4,f4,hi,0,0,14,6
27,4,f4,hlength,0,0,20,24
27,4,f4,hmax,0,0,30,30
27,4,f4,hnba,0,0,38,36
27,4,f3,hg,0,0,8,10
27,4,f3,hdiff,0,0,14,16
27,4,f3,hi,0,0,28,32
27,4,f3,hlength,0,0,10,10
27,4,f3,hmax,0,0,18,16
27,4,f3,hnba,0,0,20,16
27,4,f6,hg,0,0,10,6
27,4,f6,hdiff,0,0,10,6
27,4,f6,hi,0,0,16,12
27,4,f6,hlength,0,0,26,28
27,4,f6,hmax,0,0,8,10
27,4,f6,hnba,0,0,20,18
28,4,f5,hg,0,0,8,6
28,4,f5,hdiff,0,0,8,6
28,4,f5,hi,0,0,8,6
28,4,f5,hlength,1,0,8,18
28,4,f5,hmax,0,0,8,6
28,4,f5,hnba,0,0,8,10
28,4,f1,hg,0,0,8,6
28,4,f1,hdiff,0,0,8,6
28,4,f2,hg,0,0,8,6
28,4,f2,hdiff,1,0,8,14
28,4,f2,hi,0,0,8,6
28,4,f2,hlength,1,0,8,18
28,4,f2,hmax,0,0,8,6
28,4,f2,hnba,1,0,8,16
28,4,f4,hg,1,0,8,26
28,4,f4,hdiff,1,0,8,24
28,4,f4,hi,0,0,14,6
28,4,f4,hlength,1,0,8,24
28,4,f4,hmax,1,0,14,30
28,4,f4,hnba,1,0,8,36
28,4,f3,hg,0,0,10,10
28,4,f3,hdiff,0,0,16,16
28,4,f3,hi,1,0,16,32
28,4,f3,hlength,0,0,10,10
28,4,f3,hmax,0,0,14,16
28,4,f3,hnba,1,0,8,16
28,4,f6,hg,0,0,8,6
28,4,f6,hdiff,0,0,8,6
28,4,f6,hi,0,0,8,12
28,4,f6,hlength,1,0,14,28
28,4,f6,hmax,0,0,8,10
28,4,f6,hnba,1,0,8,18
29,4,f5,hg,0,0,12,6
29,4,f5,hdiff,0,0,12,6
29,4,f5,hi,0,0,8,6
29,4,f5,hlength,1,0,12,18
29,4,f5,hmax,0,0,8,6
29,4,f5,hnba,0,0,10,10
29,4,f1,hg,0,0,12,6
29,4,f1,hdiff,0,0,12,6
29,4,f2,hg,0,0,12,6
29,4,f2,hdiff,0,0,12,14
29,4,f2,hi,0,0,10,6
29,4,f2,hlength,1,0,10,18
29,4,f2,hmax,0,0,8,6
29,4,f2,hnba,1,0,10,16
29,4,f4,hg,1,0,12,26
29,4,f4,hdiff,1,0,12,24
29,4,f4,hi,0,0,16,6
29,4,f4,hlength,1,0,12,24
29,4,f4,hmax,1,0,14,30
29,4,f4,hnba,1,0,12,36
29,4,f3,hg,0,0,8,10
29,4,f3,hdiff,1,0,10,16
29,4,f3,hi,1,0,20,32
29,4,f3,hlength,0,0,10,10
29,4,f3,hmax,1,0,10,16
29,4,f3,hnba,1,0,10,16
29,4,f6,hg,0,0,12,6
29,4,f6,hdiff,0,0,12,6
29,4,f6,hi,0,0,8,12
29,4,f6,hlength,1,0,10,28
29,4,f6,hmax,0,0,8,10
29,4,f6,hnba,1,0,12,18
30,4,f5,hg,0,0,10,6
30,4,f5,hdiff,0,0,20,6
30,4,f5,hi,0,0,8,6
30,4,f5,hlength,0,0,26,18
30,4,f5,hmax,0,0,8,6
30,4,f5,hnba,0,0,12,10
30,4,f1,hg,0,0,14,6
30,4,f1,hdiff,0,0,12,6
30,4,f2,hg,0,0,14,6
30,4,f2,hdiff,0,0,10,14
30,4,f2,hi,0,0,8,6
30,4,f2,hlength,1,0,12,18
30,4,f2,hmax,0,0,8,6
30,4,f2,hnba,0,0,18,16
30,4,f4,hg,0,0,22,26
30,4,f4,hdiff,0,0,32,24
30,4,f4,hi,0,0,12,6
30,4,f4,hlength,1,0,18,24
30,4,f4,hmax,0,0,28,30
30,4,f4,hnba,0,0,36,36
30,4,f3,hg,0,0,8,10
30,4,f3,hdiff,0,0,16,16
30,4,f3,hi,1,0,26,32
30,4,f3,hlength,0,0,10,10
30,4,f3,hmax,0,0,22,16
30,4,f3,hnba,0,0,18,16
30,4,f6,hg,0,0,14,6
30,4,f6,hdiff,0,0,14,6
30,4,f6,hi,0,0,18,12
30,4,f6,hlength,1,0,18,28
30,4,f6,hmax,0,0,8,10
30,4,f6,hnba,0,0,18,18
31,4,f5,hg,0,0,6,6
31,4,f5,hdiff,0,0,6,6
31,4,f5,hi,0,0,6,6
31,4,f5,hlength,1,0,6,18
31,4,f5,hmax,0,0,8,6
31,4,f5,hnba,0,0,6,10
31,4,f1,hg,0,0,6,6
31,4,f1,hdiff,0,0,6,6
31,4,f2,hg,0,0,6,6
31,4,f2,hdiff,1,0,6,14
31,4,f2,hi,0,0,6,6
31,4,f2,hlength,1,0,6,18
31,4,f2,hmax,0,0,8,6
31,4,f2,hnba,1,0,6,16
31,4,f4,hg,1,0,6,26
31,4,f4,hdiff,1,0,6,24
31,4,f4,hi,0,0,8,6
31,4,f4,hlength,1,0,6,24
31,4,f4,hmax,1,0,8,30
31,4,f4,hnba,1,0,6,36
31,4,f3,hg,0,0,8,10
31,4,f3,hdiff,0,0,22,16
31,4,f3,hi,1,0,16,32
31,4,f3,hlength,0,0,6,10
31,4,f3,hmax,1,0,6,16
31,4,f3,hnba,1,0,6,16
31,4,f6,hg,0,0,6,6
31,4,f6,hdiff,0,0,6,6
31,4,f6,hi,1,0,6,12
31,4,f6,hlength,1,0,6,28
31,4,f6,hmax,0,0,8,10
31,4,f6,hnba,1,0,6,18
32,4,f5,hg,0,0,8,6
32,4,f5,hdiff,0,0,8,6
32,4,f5,hi,0,0,8,6
32,4,f5,hlength,0,0,16,18
32,4,f5,hmax,0,0,8,6
32,4,f5,hnba,0,0,18,10
32,4,f1,hg,0,0,8,6
32,4,f1,hdiff,0,0,12,6
32,4,f2,hg,0,0,14,6
32,4,f2,hdiff,0,0,14,14
32,4,f2,hi,0,0,8,6
32,4,f2,hlength,0,0,14,18
32,4,f2,hmax,0,0,8,6
32,4,f2,hnba,0,0,12,16
32,4,f4,hg,0,0,26,26
32,4,f4,hdiff,0,0,24,24
32,4,f4,hi,0,0,8,6
32,4,f4,hlength,0,0,26,24
32,4,f4,hmax,0,0,30,30
32,4,f4,hnba,0,0,36,36
32,4,f3,hg,0,0,8,10
32,4,f3,hdiff,1,0,8,16
32,4,f3,hi,1,0,8,32
32,4,f3,hlength,0,0,8,10
32,4,f3,hmax,0,0,16,16
32,4,f3,hnba,0,0,12,16
32,4,f6,hg,0,0,14,6
32,4,f6,hdiff,0,0,14,6
32,4,f6,hi,0,0,14,12
32,4,f6,hlength,0,0,26,28
32,4,f6,hmax,0,0,8,10
32,4,f6,hnba,0,0,26,18
33,4,f5,hg,0,0,16,6
33,4,f5,hdiff,0,0,8,6
33,4,f5,hi,0,0,8,6
33,4,f5,hlength,1,0,10,18
33,4,f5,hmax,0,0,8,6
33,4,f5,hnba,0,0,12,10
33,4,f1,hg,0,0,8,6
33,4,f1,hdiff,0,0,8,6
33,4,f2,hg,0,0,14,6
33,4,f2,hdiff,0,0,14,14
33,4,f2,hi,0,0,8,6
33,4,f2,hlength,0,0,20,18
33,4,f2,hmax,0,0,8,6
33,4,f2,hnba,0,0,18,16
33,4,f4,hg,0,0,32,26
33,4,f4,hdiff,0,0,32,24
33,4,f4,hi,0,0,14,6
33,4,f4,hlength,1,0,18,24
33,4,f4,hmax,1,0,14,30
33,4,f4,hnba,0,0,36,36
33,4,f3,hg,0,0,8,10
33,4,f3,hdiff,0,0,12,16
33,4,f3,hi,1,0,8,32
33,4,f3,hlength,0,0,8,10
33,4,f3,hmax,1,0,8,16
33,4,f3,hnba,0,0,18,16
33,4,f6,hg,0,0,16,6
33,4,f6,hdiff,0,0,18,6
33,4,f6,hi,0,0,8,12
33,4,f6,hlength,1,0,18,28
33,4,f6,hmax,0,0,8,10
33,4,f6,hnba,0,0,18,18
34,4,f5,hg,0,0,24,6
34,4,f5,hdiff,0,0,8,6
34,4,f5,hi,0,0,8,6
34,4,f5,hlength,0,0,16,18
34,4,f5,hmax,0,0,8,6
34,4,f5,hnba,0,0,14,10
34,4,f1,hg,0,0,8,6
34,4,f1,hdiff,0,0,8,6
34,4,f2,hg,0,0,18,6
34,4,f2,hdiff,1,0,8,14
34,4,f2,hi,0,0,8,6
34,4,f2,hlength,0,0,18,18
34,4,f2,hmax,0,0,8,6
34,4,f2,hnba,0,0,12,16
34,4,f4,hg,0,0,36,26
34,4,f4,hdiff,0,0,26,24
34,4,f4,hi,0,0,32,6
34,4,f4,hlength,0,0,22,24
34,4,f4,hmax,0,0,32,30
34,4,f4,hnba,0,0,38,36
34,4,f3,hg,0,0,8,10
34,4,f3,hdiff,1,0,8,16
34,4,f3,hi,1,0,18,32
34,4,f3,hlength,0,0,12,10
34,4,f3,hmax,0,0,24,16
34,4,f3,hnba,0,0,12,16
34,4,f6,hg,0,0,18,6
34,4,f6,hdiff,0,0,8,6
34,4,f6,hi,0,0,16,12
34,4,f6,hlength,1,0,22,28
34,4,f6,hmax,0,0,12,10
34,4,f6,hnba,0,0,18,18
35,4,f5,hg,0,0,22,6
35,4,f5,hdiff,0,0,10,6
35,4,f5,hi,0,0,8,6
35,4,f5,hlength,0,0,14,18
35,4,f5,hmax,0,0,10,6
35,4,f5,hnba,0,0,14,10
35,4,f1,hg,0,0,8,6
35,4,f1,hdiff,0,0,8,6
35,4,f2,hg,0,0,8,6
35,4,f2,hdiff,0,0,14,14
35,4,f2,hi,0,0,10,6
35,4,f2,hlength,0,0,16,18
35,4,f2,hmax,0,0,10,6
35,4,f2,hnba,0,0,20,16
35,4,f4,hg,0,0,48,26
35,4,f4,hdiff,0,0,34,24
35,4,f4,hi,0,0,28,6
35,4,f4,hlength,0,0,20,24
35,4,f4,hmax,0,0,30,30
35,4,f4,hnba,0,0,38,36
35,4,f3,hg,0,0,10,10
35,4,f3,hdiff,0,0,14,16
35,4,f3,hi,1,0,16,32
35,4,f3,hlength,0,0,12,10
35,4,f3,hmax,0,0,14,16
35,4,f3,hnba,0,0,20,16
35,4,f6,hg,0,0,16,6
35,4,f6,hdiff,0,0,16,6
35,4,f6,hi,0,0,32,12
35,4,f6,hlength,1,0,20,28
35,4,f6,hmax,0,0,10,10
35,4,f6,hnba,1,0,12,18
36,4,f5,hg,0,0,12,6
36,4,f5,hdiff,0,0,8,6
36,4,f5,hi,0,0,12,6
36,4,f5,hlength,1,0,12,18
36,4,f5,hmax,0,0,8,6
36,4,f5,hnba,0,0,14,10
36,4,f1,hg,0,0,8,6
36,4,f1,hdiff,0,0,8,6
36,4,f2,hg,0,0,20,6
36,4,f2,hdiff,0,0,18,14
36,4,f2,hi,0,0,8,6
36,4,f2,hlength,0,0,24,18
36,4,f2,hmax,0,0,8,6
36,4,f2,hnba,0,0,12,16
36,4,f4,hg,0,0,36,26
36,4,f4,hdiff,0,0,40,24
36,4,f4,hi,0,0,18,6
36,4,f4,hlength,0,0,22,24
36,4,f4,hmax,0,0,32,30
36,4,f4,hnba,0,0,40,36
36,4,f3,hg,0,0,12,10
36,4,f3,hdiff,1,0,8,16
36,4,f3,hi,1,0,18,32
36,4,f3,hlength,0,0,12,10
36,4,f3,hmax,0,0,26,16
36,4,f3,hnba,0,0,12,16
36,4,f6,hg,0,0,20,6
36,4,f6,hdiff,0,0,8,6
36,4,f6,hi,0,0,12,12
36,4,f6,hlength,1,0,22,28
36,4,f6,hmax,0,0,12,10
36,4,f6,hnba,0,0,16,18
37,4,f5,hg,0,0,10,6
37,4,f5,hdiff,0,0,8,6
37,4,f5,hi,0,0,8,6
37,4,f5,hlength,1,0,10,18
37,4,f5,hmax,0,0,10,6
37,4,f5,hnba,0,0,14,10
37,4,f1,hg,0,0,8,6
37,4,f1,hdiff,0,0,8,6
37,4,f2,hg,0,0,18,6
37,4,f2,hdiff,1,0,8,14
37,4,f2,hi,0,0,10,6
37,4,f2,hlength,0,0,22,18
37,4,f2,hmax,0,0,10,6
37,4,f2,hnba,0,0,16,16
37,4,f4,hg,0,0,34,26
37,4,f4,hdiff,0,0,34,24
37,4,f4,hi,0,0,10,6
37,4,f4,hlength,0,0,20,24
37,4,f4,hmax,0,0,32,30
37,4,f4,hnba,0,0,38,36
37,4,f3,hg,0,0,10,10
37,4,f3,hdiff,0,0,12,16
37,4,f3,hi,1,0,22,32
37,4,f3,hlength,0,0,10,10
37,4,f3,hmax,0,0,20,16
37,4,f3,hnba,0,0,16,16
37,4,f6,hg,0,0,18,6
37,4,f6,hdiff,0,0,8,6
37,4,f6,hi,0,0,10,12
37,4,f6,hlength,1,0,20,28
37,4,f6,hmax,0,0,10,10
37,4,f6,hnba,0,0,18,18
38,4,f5,hg,0,0,6,6
38,4,f5,hdiff,0,0,6,6
38,4,f5,hi,0,0,6,6
38,4,f5,hlength,0,0,18,18
38,4,f5,hmax,0,0,6,6
38,4,f5,hnba,0,0,6,10
38,4,f1,hg,0,0,6,6
38,4,f1,hdiff,0,0,6,6
38,4,f2,hg,0,0,6,6
38,4,f2,hdiff,1,0,6,14
38,4,f2,hi,0,0,6,6
38,4,f2,hlength,0,0,22,18
38,4,f2,hmax,0,0,6,6
38,4,f2,hnba,0,0,12,16
38,4,f4,hg,1,0,18,26
38,4,f4,hdiff,1,0,18,24
38,4,f4,hi,0,0,26,6
38,4,f4,hlength,1,0,18,24
38,4,f4,hmax,1,0,6,30
38,4,f4,hnba,1,0,6,36
38,4,f3,hg,0,0,6,10
38,4,f3,hdiff,1,0,6,16
38,4,f3,hi,1,0,18,32
38,4,f3,hlength,0,0,12,10
38,4,f3,hmax,0,0,18,16
38,4,f3,hnba,0,0,12,16
38,4,f6,hg,0,0,18,6
38,4,f6,hdiff,0,0,16,6
38,4,f6,hi,1,0,6,12
38,4,f6,hlength,1,0,18,28
38,4,f6,hmax,0,0,6,10
38,4,f6,hnba,1,0,6,18
39,4,f5,hg,0,0,6,6
39,4,f5,hdiff,0,0,6,6
39,4,f5,hi,0,0,6,6
39,4,f5,hlength,1,0,6,18
39,4,f5,hmax,0,0,6,6
39,4,f5,hnba,0,0,6,10
39,4,f1,hg,0,0,6,6
39,4,f1,hdiff,0,0,6,6
39,4,f2,hg,0,0,6,6
39,4,f2,hdiff,1,0,6,14
39,4,f2,hi,0,0,6,6
39,4,f2,hlength,1,0,6,18
39,4,f2,hmax,0,0,6,6
39,4,f2,hnba,1,0,6,16
39,4,f4,hg,1,0,6,26
39,4,f4,hdiff,1,0,6,24
39,4,f4,hi,0,0,6,6
39,4,f4,hlength,1,0,6,24
39,4,f4,hmax,0,0,32,30
39,4,f4,hnba,1,0,6,36
39,4,f3,hg,0,0,12,10
39,4,f3,hdiff,1,0,6,16
39,4,f3,hi,1,0,6,32
39,4,f3,hlength,0,0,12,10
39,4,f3,hmax,0,0,16,16
39,4,f3,hnba,1,0,6,16
39,4,f6,hg,0,0,6,6
39,4,f6,hdiff,0,0,6,6
39,4,f6,hi,1,0,6,12
39,4,f6,hlength,1,0,6,28
39,4,f6,hmax,0,0,6,10
39,4,f6,hnba,1,0,6,18
40,4,f5,hg,0,0,4,6
40,4,f5,hdiff,0,0,4,6
40,4,f5,hi,0,0,4,6
40,4,f5,hlength,1,0,4,18
40,4,f5,hmax,0,0,4,6
40,4,f5,hnba,1,0,4,10
40,4,f1,hg,0,0,4,6
40,4,f1,hdiff,0,0,4,6
40,4,f2,hg,0,0,4,6
40,4,f2,hdiff,1,0,4,14
40,4,f2,hi,0,0,4,6
40,4,f2,hlength,1,0,4,18
40,4,f2,hmax,0,0,4,6
40,4,f2,hnba,1,0,4,16
40,4,f4,hg,1,0,4,26
40,4,f4,hdiff,1,0,4,24
40,4,f4,hi,0,0,4,6
40,4,f4,hlength,1,0,4,24
40,4,f4,hmax,1,0,4,30
40,4,f4,hnba,1,0,18,36
40,4,f3,hg,1,0,4,10
40,4,f3,hdiff,1,0,4,16
40,4,f3,hi,1,0,4,32
40,4,f3,hlength,1,0,4,10
40,4,f3,hmax,1,0,4,16
40,4,f3,hnba,1,0,4,16
40,4,f6,hg,0,0,4,6
40,4,f6,hdiff,0,0,4,6
40,4,f6,hi,1,0,4,12
40,4,f6,hlength,1,0,4,28
40,4,f6,hmax,1,0,4,10
40,4,f6,hnba,1,0,4,18
41,4,f5,hg,0,0,2,6
41,4,f5,hdiff,0,0,2,6
41,4,f5,hi,0,0,2,6
41,4,f5,hlength,1,0,2,18
41,4,f5,hmax,0,0,2,6
41,4,f5,hnba,1,0,2,10
41,4,f1,hg,0,0,2,6
41,4,f1,hdiff,0,0,2,6
41,4,f2,hg,0,0,2,6
41,4,f2,hdiff,1,0,2,14
41,4,f2,hi,0,0,2,6
41,4,f2,hlength,1,0,2,18
41,4,f2,hmax,0,0,2,6
41,4,f2,hnba,1,0,2,16
41,4,f4,hg,1,0,2,26
41,4,f4,hdiff,1,0,2,24
41,4,f4,hi,0,0,2,6
41,4,f4,hlength,1,0,2,24
41,4,f4,hmax,1,0,2,30
41,4,f4,hnba,1,0,2,36
41,4,f3,hg,1,0,2,10
41,4,f3,hdiff,1,0,2,16
41,4,f3,hi,1,0,2,32
41,4,f3,hlength,1,0,2,10
41,4,f3,hmax,1,0,2,16
41,4,f3,hnba,1,0,2,16
41,4,f6,hg,0,0,2,6
41,4,f6,hdiff,0,0,2,6
41,4,f6,hi,1,0,2,12
41,4,f6,hlength,1,0,2,28
41,4,f6,hmax,1,0,2,10
41,4,f6,hnba,1,0,2,18
42,5,f5,hg,0,0,11,6
42,5,f5,hdiff,0,0,11,6
42,5,f5,hi,0,0,11,6
42,5,f5,hlength,0,0,17,18
42,5,f5,hmax,0,0,9,6
42,5,f5,hnba,0,0,11,10
42,5,f1,hg,0,0,11,6
42,5,f1,hdiff,0,0,11,6
42,5,f2,hg,0,0,11,6
42,5,f2,hdiff,0,0,15,14
42,5,f2,hi,0,0,11,6
42,5,f2,hlength,0,0,25,18
42,5,f2,hmax,0,0,9,6
42,5,f2,hnba,0,0,17,16
42,5,f4,hg,0,0,25,26
42,5,f4,hdiff,0,0,25,24
42,5,f4,hi,0,0,23,6
42,5,f4,hlength,0,0,37,24
42,5,f4,hmax,0,0,25,30
42,5,f4,hnba,0,0,45,36
42,5,f3,hg,0,0,9,10
42,5,f3,hdiff,0,0,17,16
42,5,f3,hi,1,0,17,32
42,5,f3,hlength,0,0,11,10
42,5,f3,hmax,0,0,11,16
42,5,f3,hnba,0,0,17,16
42,5,f6,hg,0,0,31,6
42,5,f6,hdiff,0,0,31,6
42,5,f6,hi,0,0,11,12
42,5,f6,hlength,0,0,37,28
42,5,f6,hmax,0,0,11,10
42,5,f6,hnba,0,0,21,18
43,5,f5,hg,0,0,11,6
43,5,f5,hdiff,0,0,19,6
43,5,f5,hi,0,0,13,6
43,5,f5,hlength,1,0,11,18
43,5,f5,hmax,0,0,11,6
43,5,f5,hnba,0,0,19,10
43,5,f1,hg,0,0,13,6
43,5,f1,hdiff,0,0,13,6
43,5,f2,hg,0,0,11,6
43,5,f2,hdiff,0,0,19,14
43,5,f2,hi,0,0,13,6
43,5,f2,hlength,1,0,11,18
43,5,f2,hmax,0,0,11,6
43,5,f2,hnba,0,0,11,16
43,5,f4,hg,0,0,27,26
43,5,f4,hdiff,0,0,35,24
43,5,f4,hi,0,0,15,6
43,5,f4,hlength,0,0,39,24
43,5,f4,hmax,0,0,27,30
43,5,f4,hnba,0,0,39,36
43,5,f3,hg,0,0,11,10
43,5,f3,hdiff,0,0,17,16
43,5,f3,hi,1,0,17,32
43,5,f3,hlength,0,0,13,10
43,5,f3,hmax,0,0,21,16
43,5,f3,hnba,0,0,11,16
43,5,f6,hg,0,0,35,6
43,5,f6,hdiff,0,0,35,6
43,5,f6,hi,0,0,23,12
43,5,f6,hlength,1,0,21,28
43,5,f6,hmax,0,0,21,10
43,5,f6,hnba,0,0,29,18
44,5,f5,hg,0,0,15,6
44,5,f5,hdiff,0,0,15,6
44,5,f5,hi,0,0,11,6
44,5,f5,hlength,0,0,15,18
44,5,f5,hmax,0,0,9,6
44,5,f5,hnba,0,0,17,10
44,5,f1,hg,0,0,15,6
44,5,f1,hdiff,0,0,15,6
44,5,f2,hg,0,0,11,6
44,5,f2,hdiff,0,0,11,14
44,5,f2,hi,0,0,11,6
44,5,f2,hlength,0,0,21,18
44,5,f2,hmax,0,0,9,6
44,5,f2,hnba,0,0,15,16
44,5,f4,hg,0,0,29,26
44,5,f4,hdiff,0,0,27,24
44,5,f4,hi,0,0,37,6
44,5,f4,hlength,0,0,29,24
44,5,f4,hmax,0,0,29,30
44,5,f4,hnba,0,0,45,36
44,5,f3,hg,0,0,11,10
44,5,f3,hdiff,0,0,11,16
44,5,f3,hi,1,0,17,32
44,5,f3,hlength,0,0,9,10
44,5,f3,hmax,0,0,13,16
44,5,f3,hnba,0,0,15,16
44,5,f6,hg,0,0,31,6
44,5,f6,hdiff,0,0,17,6
44,5,f6,hi,0,0,11,12
44,5,f6,hlength,0,0,37,28
44,5,f6,hmax,0,0,15,10
44,5,f6,hnba,0,0,25,18
45,5,f5,hg,0,0,11,6
45,5,f5,hdiff,0,0,19,6
45,5,f5,hi,0,0,13,6
45,5,f5,hlength,0,0,15,18
45,5,f5,hmax,0,0,11,6
45,5,f5,hnba,0,0,15,10
45,5,f1,hg,0,0,11,6
45,5,f1,hdiff,0,0,15,6
45,5,f2,hg,0,0,11,6
45,5,f2,hdiff,0,0,19,14
45,5,f2,hi,0,0,21,6
45,5,f2,hlength,1,0,11,18
45,5,f2,hmax,0,0,11,6
45,5,f2,hnba,0,0,19,16
45,5,f4,hg,0,0,31,26
45,5,f4,hdiff,0,0,35,24
45,5,f4,hi,0,0,25,6
45,5,f4,hlength,0,0,31,24
45,5,f4,hmax,0,0,31,30
45,5,f4,hnba,0,0,39,36
45,5,f3,hg,0,0,13,10
45,5,f3,hdiff,0,0,11,16
45,5,f3,hi,1,0,15,32
45,5,f3,hlength,0,0,13,10
45,5,f3,hmax,0,0,15,16
45,5,f3,hnba,0,0,19,16
45,5,f6,hg,0,0,35,6
45,5,f6,hdiff,0,0,21,6
45,5,f6,hi,0,0,29,12
45,5,f6,hlength,1,0,21,28
45,5,f6,hmax,0,0,17,10
45,5,f6,hnba,0,0,25,18
46,5,f5,hg,0,0,11,6
46,5,f5,hdiff,0,0,11,6
46,5,f5,hi,0,0,9,6
46,5,f5,hlength,0,0,17,18
46,5,f5,hmax,0,0,9,6
46,5,f5,hnba,0,0,11,10
46,5,f1,hg,0,0,11,6
46,5,f1,hdiff,0,0,11,6
46,5,f2,hg,0,0,13,6
46,5,f2,hdiff,0,0,11,14
46,5,f2,hi,0,0,9,6
46,5,f2,hlength,0,0,25,18
46,5,f2,hmax,0,0,9,6
46,5,f2,hnba,0,0,17,16
46,5,f4,hg,0,0,25,26
46,5,f4,hdiff,0,0,25,24
46,5,f4,hi,0,0,33,6
46,5,f4,hlength,0,0,35,24
46,5,f4,hmax,0,0,29,30
46,5,f4,hnba,0,0,37,36
46,5,f3,hg,0,0,9,10
46,5,f3,hdiff,0,0,17,16
46,5,f3,hi,1,0,19,32
46,5,f3,hlength,0,0,11,10
46,5,f3,hmax,0,0,17,16
46,5,f3,hnba,0,0,17,16
46,5,f6,hg,0,0,25,6
46,5,f6,hdiff,0,0,33,6
46,5,f6,hi,0,0,25,12
46,5,f6,hlength,0,0,25,28
46,5,f6,hmax,0,0,15,10
46,5,f6,hnba,0,0,17,18
47,5,f5,hg,0,0,11,6
47,5,f5,hdiff,0,0,11,6
47,5,f5,hi,0,0,9,6
47,5,f5,hlength,0,0,17,18
47,5,f5,hmax,0,0,9,6
47,5,f5,hnba,0,0,11,10
47,5,f1,hg,0,0,11,6
47,5,f1,hdiff,0,0,11,6
47,5,f2,hg,0,0,19,6
47,5,f2,hdiff,0,0,11,14
47,5,f2,hi,0,0,9,6
47,5,f2,hlength,0,0,19,18
47,5,f2,hmax,0,0,9,6
47,5,f2,hnba,0,0,17,16
47,5,f4,hg,0,0,25,26
47,5,f4,hdiff,0,0,39,24
47,5,f4,hi,0,0,29,6
47,5,f4,hlength,0,0,35,24
47,5,f4,hmax,0,0,29,30
47,5,f4,hnba,0,0,39,36
47,5,f3,hg,0,0,9,10
47,5,f3,hdiff,0,0,17,16
47,5,f3,hi,1,0,13,32
47,5,f3,hlength,0,0,11,10
47,5,f3,hmax,0,0,17,16
47,5,f3,hnba,0,0,17,16
47,5,f6,hg,0,0,41,6
47,5,f6,hdiff,0,0,17,6
47,5,f6,hi,0,0,23,12
47,5,f6,hlength,0,0,37,28
47,5,f6,hmax,0,0,15,10
47,5,f6,hnba,0,0,25,18
48,5,f5,hg,0,0,7,6
48,5,f5,hdiff,0,0,7,6
48,5,f5,hi,0,0,9,6
48,5,f5,hlength,0,0,15,18
48,5,f5,hmax,0,0,7,6
48,5,f5,hnba,0,0,7,10
48,5,f1,hg,0,0,7,6
48,5,f1,hdiff,0,0,7,6
48,5,f2,hg,0,0,7,6
48,5,f2,hdiff,1,0,7,14
48,5,f2,hi,0,0,7,6
48,5,f2,hlength,1,0,7,18
48,5,f2,hmax,0,0,7,6
48,5,f2,hnba,0,0,17,16
48,5,f4,hg,1,0,7,26
48,5,f4,hdiff,1,0,7,24
48,5,f4,hi,0,0,35,6
48,5,f4,hlength,1,0,7,24
48,5,f4,hmax,1,0,9,30
48,5,f4,hnba,1,0,15,36
48,5,f3,hg,0,0,9,10
48,5,f3,hdiff,0,0,11,16
48,5,f3,hi,1,0,7,32
48,5,f3,hlength,0,0,11,10
48,5,f3,hmax,0,0,15,16
48,5,f3,hnba,0,0,17,16
48,5,f6,hg,0,0,15,6
48,5,f6,hdiff,0,0,23,6
48,5,f6,hi,0,0,27,12
48,5,f6,hlength,1,0,15,28
48,5,f6,hmax,0,0,19,10
48,5,f6,hnba,0,0,23,18
49,5,f5,hg,0,0,9,6
49,5,f5,hdiff,0,0,9,6
49,5,f5,hi,0,0,9,6
49,5,f5,hlength,1,0,9,18
49,5,f5,hmax,0,0,9,6
49,5,f5,hnba,0,0,9,10
49,5,f1,hg,0,0,9,6
49,5,f1,hdiff,0,0,9,6
49,5,f2,hg,0,0,9,6
49,5,f2,hdiff,0,0,9,14
49,5,f2,hi,0,0,9,6
49,5,f2,hlength,0,0,13,18
49,5,f2,hmax,0,0,9,6
49,5,f2,hnba,0,0,17,16
49,5,f4,hg,1,0,13,26
49,5,f4,hdiff,1,0,9,24
49,5,f4,hi,0,0,9,6
49,5,f4,hlength,1,0,13,24
49,5,f4,hmax,1,0,9,30
49,5,f4,hnba,1,0,9,36
49,5,f3,hg,0,0,11,10
49,5,f3,hdiff,0,0,11,16
49,5,f3,hi,1,0,13,32
49,5,f3,hlength,0,0,11,10
49,5,f3,hmax,0,0,13,16
49,5,f3,hnba,0,0,17,16
49,5,f6,hg,0,0,9,6
49,5,f6,hdiff,0,0,9,6
49,5,f6,hi,0,0,9,12
49,5,f6,hlength,1,0,9,28
49,5,f6,hmax,0,0,19,10
49,5,f6,hnba,0,0,21,18
50,5,f5,hg,0,0,11,6
50,5,f5,hdiff,0,0,11,6
50,5,f5,hi,0,0,9,6
50,5,f5,hlength,1,0,11,18
50,5,f5,hmax,0,0,9,6
50,5,f5,hnba,0,0,11,10
50,5,f1,hg,0,0,11,6
50,5,f1,hdiff,0,0,11,6
50,5,f2,hg,0,0,11,6
50,5,f2,hdiff,0,0,11,14
50,5,f2,hi,0,0,9,6
50,5,f2,hlength,1,0,11,18
50,5,f2,hmax,0,0,9,6
50,5,f2,hnba,0,0,11,16
50,5,f4,hg,1,0,11,26
50,5,f4,hdiff,1,0,11,24
50,5,f4,hi,0,0,33,6
50,5,f4,hlength,1,0,11,24
50,5,f4,hmax,1,0,15,30
50,5,f4,hnba,1,0,11,36
50,5,f3,hg,0,0,11,10
50,5,f3,hdiff,1,0,9,16
50,5,f3,hi,1,0,11,32
50,5,f3,hlength,0,0,11,10
50,5,f3,hmax,0,0,11,16
50,5,f3,hnba,0,0,11,16
50,5,f6,hg,0,0,11,6
50,5,f6,hdiff,0,0,11,6
50,5,f6,hi,0,0,25,12
50,5,f6,hlength,1,0,11,28
50,5,f6,hmax,0,0,15,10
50,5,f6,hnba,1,0,11,18
51,5,f5,hg,0,0,13,6
51,5,f5,hdiff,0,0,13,6
51,5,f5,hi,0,0,9,6
51,5,f5,hlength,0,0,13,18
51,5,f5,hmax,0,0,9,6
51,5,f5,hnba,0,0,15,10
51,5,f1,hg,0,0,13,6
51,5,f1,hdiff,0,0,13,6
51,5,f2,hg,0,0,13,6
51,5,f2,hdiff,0,0,13,14
51,5,f2,hi,0,0,9,6
51,5,f2,hlength,0,0,13,18
51,5,f2,hmax,0,0,9,6
51,5,f2,hnba,1,0,9,16
51,5,f4,hg,1,0,9,26
51,5,f4,hdiff,1,0,13,24
51,5,f4,hi,0,0,33,6
51,5,f4,hlength,1,0,9,24
51,5,f4,hmax,1,0,15,30
51,5,f4,hnba,1,0,13,36
51,5,f3,hg,0,0,9,10
51,5,f3,hdiff,1,0,9,16
51,5,f3,hi,1,0,9,32
51,5,f3,hlength,0,0,11,10
51,5,f3,hmax,0,0,15,16
51,5,f3,hnba,1,0,9,16
51,5,f6,hg,0,0,13,6
51,5,f6,hdiff,0,0,13,6
51,5,f6,hi,0,0,25,12
51,5,f6,hlength,1,0,13,28
51,5,f6,hmax,0,0,15,10
51,5,f6,hnba,0,0,27,18
52,5,f5,hg,0,0,13,6
52,5,f5,hdiff,0,0,13,6
52,5,f5,hi,0,0,11,6
52,5,f5,hlength,0,0,13,18
52,5,f5,hmax,0,0,9,6
52,5,f5,hnba,0,0,17,10
52,5,f1,hg,0,0,13,6
52,5,f1,hdiff,0,0,13,6
52,5,f2,hg,0,0,11,6
52,5,f2,hdiff,0,0,13,14
52,5,f2,hi,0,0,11,6
52,5,f2,hlength,0,0,23,18
52,5,f2,hmax,0,0,9,6
52,5,f2,hnba,0,0,17,16
52,5,f4,hg,0,0,49,26
52,5,f4,hdiff,0,0,23,24
52,5,f4,hi,0,0,35,6
52,5,f4,hlength,0,0,35,24
52,5,f4,hmax,0,0,29,30
52,5,f4,hnba,0,0,35,36
52,5,f3,hg,0,0,11,10
52,5,f3,hdiff,0,0,13,16
52,5,f3,hi,1,0,17,32
52,5,f3,hlength,0,0,11,10
52,5,f3,hmax,0,0,13,16
52,5,f3,hnba,0,0,17,16
52,5,f6,hg,0,0,23,6
52,5,f6,hdiff,0,0,39,6
52,5,f6,hi,0,0,27,12
52,5,f6,hlength,0,0,29,28
52,5,f6,hmax,0,0,15,10
52,5,f6,hnba,0,0,21,18
53,5,f5,hg,0,0,13,6
53,5,f5,hdiff,0,0,11,6
53,5,f5,hi,0,0,11,6
53,5,f5,hlength,0,0,13,18
53,5,f5,hmax,0,0,9,6
53,5,f5,hnba,0,0,17,10
53,5,f1,hg,0,0,9,6
53,5,f1,hdiff,0,0,9,6
53,5,f2,hg,0,0,9,6
53,5,f2,hdiff,0,0,13,14
53,5,f2,hi,0,0,9,6
53,5,f2,hlength,0,0,15,18
53,5,f2,hmax,0,0,9,6
53,5,f2,hnba,0,0,13,16
53,5,f4,hg,0,0,49,26
53,5,f4,hdiff,0,0,27,24
53,5,f4,hi,0,0,27,6
53,5,f4,hlength,0,0,35,24
53,5,f4,hmax,0,0,29,30
53,5,f4,hnba,0,0,37,36
53,5,f3,hg,0,0,9,10
53,5,f3,hdiff,0,0,11,16
53,5,f3,hi,1,0,21,32
53,5,f3,hlength,0,0,11,10
53,5,f3,hmax,0,0,13,16
53,5,f3,hnba,0,0,13,16
53,5,f6,hg,0,0,33,6
53,5,f6,hdiff,0,0,15,6
53,5,f6,hi,0,0,25,12
53,5,f6,hlength,0,0,43,28
53,5,f6,hmax,0,0,15,10
53,5,f6,hnba,0,0,37,18
54,5,f5,hg,0,0,5,6
54,5,f5,hdiff,0,0,5,6
54,5,f5,hi,0,0,9,6
54,5,f5,hlength,0,0,17,18
54,5,f5,hmax,0,0,5,6
54,5,f5,hnba,0,0,13,10
54,5,f1,hg,0,0,5,6
54,5,f1,hdiff,0,0,5,6
54,5,f2,hg,0,0,5,6
54,5,f2,hdiff,1,0,5,14
54,5,f2,hi,0,0,5,6
54,5,f2,hlength,1,0,5,18
54,5,f2,hmax,0,0,5,6
54,5,f2,hnba,1,0,5,16
54,5,f4,hg,1,0,5,26
54,5,f4,hdiff,1,0,5,24
54,5,f4,hi,0,0,37,6
54,5,f4,hlength,1,0,5,24
54,5,f4,hmax,1,0,15,30
54,5,f4,hnba,1,0,17,36
54,5,f3,hg,0,0,9,10
54,5,f3,hdiff,1,0,5,16
54,5,f3,hi,1,0,5,32
54,5,f3,hlength,0,0,5,10
54,5,f3,hmax,1,0,5,16
54,5,f3,hnba,1,0,5,16
54,5,f6,hg,0,0,5,6
54,5,f6,hdiff,0,0,5,6
54,5,f6,hi,0,0,13,12
54,5,f6,hlength,1,0,17,28
54,5,f6,hmax,0,0,5,10
54,5,f6,hnba,0,0,17,18
55,5,f5,hg,0,0,7,6
55,5,f5,hdiff,0,0,7,6
55,5,f5,hi,0,0,7,6
55,5,f5,hlength,1,0,7,18
55,5,f5,hmax,0,0,9,6
55,5,f5,hnba,0,0,13,10
55,5,f1,hg,0,0,7,6
55,5,f1,hdiff,0,0,7,6
55,5,f2,hg,0,0,7,6
55,5,f2,hdiff,1,0,7,14
55,5,f2,hi,0,0,7,6
55,5,f2,hlength,1,0,7,18
55,5,f2,hmax,0,0,9,6
55,5,f2,hnba,1,0,7,16
55,5,f4,hg,1,0,15,26
55,5,f4,hdiff,1,0,7,24
55,5,f4,hi,0,0,7,6
55,5,f4,hlength,1,0,15,24
55,5,f4,hmax,1,0,15,30
55,5,f4,hnba,1,0,7,36
55,5,f3,hg,0,0,7,10
55,5,f3,hdiff,0,0,15,16
55,5,f3,hi,1,0,15,32
55,5,f3,hlength,0,0,7,10
55,5,f3,hmax,1,0,7,16
55,5,f3,hnba,1,0,7,16
55,5,f6,hg,0,0,7,6
55,5,f6,hdiff,0,0,7,6
55,5,f6,hi,0,0,7,12
55,5,f6,hlength,1,0,7,28
55,5,f6,hmax,0,0,13,10
55,5,f6,hnba,1,0,7,18
56,5,f5,hg,0,0,9,6
56,5,f5,hdiff,0,0,13,6
56,5,f5,hi,0,0,9,6
56,5,f5,hlength,1,0,9,18
56,5,f5,hmax,0,0,9,6
56,5,f5,hnba,0,0,9,10
56,5,f1,hg,0,0,13,6
56,5,f1,hdiff,0,0,13,6
56,5,f2,hg,0,0,13,6
56,5,f2,hdiff,0,0,13,14
56,5,f2,hi,0,0,9,6
56,5,f2,hlength,0,0,23,18
56,5,f2,hmax,0,0,9,6
56,5,f2,hnba,0,0,27,16
56,5,f4,hg,0,0,23,26
56,5,f4,hdiff,0,0,23,24
56,5,f4,hi,0,0,31,6
56,5,f4,hlength,0,0,33,24
56,5,f4,hmax,0,0,29,30
56,5,f4,hnba,0,0,37,36
56,5,f3,hg,0,0,9,10
56,5,f3,hdiff,0,0,19,16
56,5,f3,hi,1,0,23,32
56,5,f3,hlength,0,0,9,10
56,5,f3,hmax,0,0,17,16
56,5,f3,hnba,0,0,27,16
56,5,f6,hg,0,0,23,6
56,5,f6,hdiff,0,0,23,6
56,5,f6,hi,0,0,21,12
56,5,f6,hlength,0,0,29,28
56,5,f6,hmax,0,0,13,10
56,5,f6,hnba,0,0,33,18
57,5,f5,hg,0,0,9,6
57,5,f5,hdiff,0,0,13,6
57,5,f5,hi,0,0,9,6
57,5,f5,hlength,1,0,9,18
57,5,f5,hmax,0,0,9,6
57,5,f5,hnba,0,0,9,10
57,5,f1,hg,0,0,9,6
57,5,f1,hdiff,0,0,9,6
57,5,f2,hg,0,0,15,6
57,5,f2,hdiff,0,0,13,14
57,5,f2,hi,0,0,9,6
57,5,f2,hlength,0,0,15,18
57,5,f2,hmax,0,0,9,6
57,5,f2,hnba,0,0,15,16
57,5,f4,hg,0,0,23,26
57,5,f4,hdiff,0,0,25,24
57,5,f4,hi,0,0,33,6
57,5,f4,hlength,0,0,33,24
57,5,f4,hmax,0,0,29,30
57,5,f4,hnba,0,0,37,36
57,5,f3,hg,0,0,9,10
57,5,f3,hdiff,0,0,19,16
57,5,f3,hi,1,0,21,32
57,5,f3,hlength,0,0,9,10
57,5,f3,hmax,1,0,9,16
57,5,f3,hnba,0,0,15,16
57,5,f6,hg,0,0,37,6
57,5,f6,hdiff,0,0,15,6
57,5,f6,hi,0,0,25,12
57,5,f6,hlength,0,0,37,28
57,5,f6,hmax,0,0,13,10
57,5,f6,hnba,0,0,31,18
58,5,f5,hg,0,0,9,6
58,5,f5,hdiff,0,0,9,6
58,5,f5,hi,0,0,9,6
58,5,f5,hlength,1,0,9,18
58,5,f5,hmax,0,0,9,6
58,5,f5,hnba,0,0,9,10
58,5,f1,hg,0,0,13,6
58,5,f1,hdiff,0,0,13,6
58,5,f2,hg,0,0,13,6
58,5,f2,hdiff,0,0,13,14
58,5,f2,hi,0,0,9,6
58,5,f2,hlength,0,0,17,18
58,5,f2,hmax,0,0,9,6
58,5,f2,hnba,0,0,21,16
58,5,f4,hg,0,0,39,26
58,5,f4,hdiff,0,0,41,24
58,5,f4,hi,0,0,21,6
58,5,f4,hlength,0,0,23,24
58,5,f4,hmax,0,0,29,30
58,5,f4,hnba,0,0,35,36
58,5,f3,hg,0,0,9,10
58,5,f3,hdiff,1,0,9,16
58,5,f3,hi,1,0,17,32
58,5,f3,hlength,0,0,9,10
58,5,f3,hmax,0,0,19,16
58,5,f3,hnba,0,0,21,16
58,5,f6,hg,0,0,23,6
58,5,f6,hdiff,0,0,25,6
58,5,f6,hi,0,0,21,12
58,5,f6,hlength,0,0,29,28
58,5,f6,hmax,0,0,25,10
58,5,f6,hnba,0,0,21,18
59,5,f5,hg,0,0,9,6
59,5,f5,hdiff,0,0,13,6
59,5,f5,hi,0,0,9,6
59,5,f5,hlength,1,0,9,18
59,5,f5,hmax,0,0,9,6
59,5,f5,hnba,0,0,9,10
59,5,f1,hg,0,0,9,6
59,5,f1,hdiff,0,0,9,6
59,5,f2,hg,0,0,17,6
59,5,f2,hdiff,0,0,9,14
59,5,f2,hi,0,0,9,6
59,5,f2,hlength,0,0,21,18
59,5,f2,hmax,0,0,9,6
59,5,f2,hnba,1,0,9,16
59,5,f4,hg,0,0,39,26
59,5,f4,hdiff,0,0,33,24
59,5,f4,hi,0,0,13,6
59,5,f4,hlength,0,0,23,24
59,5,f4,hmax,0,0,31,30
59,5,f4,hnba,0,0,37,36
59,5,f3,hg,0,0,9,10
59,5,f3,hdiff,1,0,9,16
59,5,f3,hi,1,0,21,32
59,5,f3,hlength,0,0,9,10
59,5,f3,hmax,0,0,19,16
59,5,f3,hnba,1,0,9,16
59,5,f6,hg,0,0,33,6
59,5,f6,hdiff,0,0,15,6
59,5,f6,hi,0,0,13,12
59,5,f6,hlength,0,0,43,28
59,5,f6,hmax,0,0,17,10
59,5,f6,hnba,0,0,37,18
60,5,f5,hg,0,0,15,6
60,5,f5,hdiff,0,0,15,6
60,5,f5,hi,0,0,9,6
60,5,f5,hlength,0,0,19,18
60,5,f5,hmax,0,0,9,6
60,5,f5,hnba,0,0,19,10
60,5,f1,hg,0,0,9,6
60,5,f1,hdiff,0,0,9,6
60,5,f2,hg,0,0,19,6
60,5,f2,hdiff,0,0,17,14
60,5,f2,hi,0,0,21,6
60,5,f2,hlength,0,0,19,18
60,5,f2,hmax,0,0,9,6
60,5,f2,hnba,0,0,17,16
60,5,f4,hg,0,0,37,26
60,5,f4,hdiff,0,0,27,24
60,5,f4,hi,0,0,15,6
60,5,f4,hlength,0,0,23,24
60,5,f4,hmax,0,0,33,30
60,5,f4,hnba,0,0,39,36
60,5,f3,hg,0,0,9,10
60,5,f3,hdiff,0,0,13,16
60,5,f3,hi,1,0,9,32
60,5,f3,hlength,0,0,9,10
60,5,f3,hmax,0,0,25,16
60,5,f3,hnba,0,0,17,16
60,5,f6,hg,0,0,27,6
60,5,f6,hdiff,0,0,27,6
60,5,f6,hi,0,0,15,12
60,5,f6,hlength,0,0,27,28
60,5,f6,hmax,0,0,23,10
60,5,f6,hnba,0,0,19,18
61,5,f5,hg,0,0,13,6
61,5,f5,hdiff,0,0,19,6
61,5,f5,hi,0,0,9,6
61,5,f5,hlength,0,0,13,18
61,5,f5,hmax,0,0,9,6
61,5,f5,hnba,0,0,19,10
61,5,f1,hg,0,0,9,6
61,5,f1,hdiff,0,0,9,6
61,5,f2,hg,0,0,21,6
61,5,f2,hdiff,0,0,19,14
61,5,f2,hi,0,0,9,6
61,5,f2,hlength,0,0,25,18
61,5,f2,hmax,0,0,9,6
61,5,f2,hnba,0,0,13,16
61,5,f4,hg,0,0,37,26
61,5,f4,hdiff,0,0,41,24
61,5,f4,hi,0,0,27,6
61,5,f4,hlength,0,0,23,24
61,5,f4,hmax,0,0,33,30
61,5,f4,hnba,0,0,41,36
61,5,f3,hg,0,0,13,10
61,5,f3,hdiff,1,0,9,16
61,5,f3,hi,1,0,9,32
61,5,f3,hlength,0,0,9,10
61,5,f3,hmax,0,0,27,16
61,5,f3,hnba,0,0,13,16
61,5,f6,hg,0,0,43,6
61,5,f6,hdiff,0,0,43,6
61,5,f6,hi,0,0,33,12
61,5,f6,hlength,0,0,39,28
61,5,f6,hmax,0,0,23,10
61,5,f6,hnba,0,0,19,18
62,5,f5,hg,0,0,7,6
62,5,f5,hdiff,0,0,7,6
62,5,f5,hi,0,0,7,6
62,5,f5,hlength,1,0,7,18
62,5,f5,hmax,0,0,7,6
62,5,f5,hnba,0,0,7,10
62,5,f1,hg,0,0,7,6
62,5,f1,hdiff,0,0,7,6
62,5,f2,hg,0,0,7,6
62,5,f2,hdiff,1,0,7,14
62,5,f2,hi,0,0,7,6
62,5,f2,hlength,0,0,23,18
62,5,f2,hmax,0,0,7,6
62,5,f2,hnba,1,0,7,16
62,5,f4,hg,1,0,19,26
62,5,f4,hdiff,0,0,19,24
62,5,f4,hi,0,0,7,6
62,5,f4,hlength,0,0,19,24
62,5,f4,hmax,1,0,7,30
62,5,f4,hnba,1,0,7,36
62,5,f3,hg,0,0,13,10
62,5,f3,hdiff,0,0,19,16
62,5,f3,hi,1,0,7,32
62,5,f3,hlength,0,0,7,10
62,5,f3,hmax,0,0,19,16
62,5,f3,hnba,1,0,7,16
62,5,f6,hg,0,0,7,6
62,5,f6,hdiff,0,0,7,6
62,5,f6,hi,0,0,7,12
62,5,f6,hlength,1,0,7,28
62,5,f6,hmax,0,0,7,10
62,5,f6,hnba,1,0,7,18
63,5,f5,hg,0,0,1,6
63,5,f5,hdiff,0,0,1,6
63,5,f5,hi,0,0,1,6
63,5,f5,hlength,1,0,1,18
63,5,f5,hmax,0,0,1,6
63,5,f5,hnba,1,0,1,10
63,5,f1,hg,0,0,1,6
63,5,f1,hdiff,0,0,1,6
63,5,f2,hg,0,0,1,6
63,5,f2,hdiff,1,0,1,14
63,5,f2,hi,0,0,1,6
63,5,f2,hlength,1,0,1,18
63,5,f2,hmax,0,0,1,6
63,5,f2,hnba,1,0,1,16
63,5,f4,hg,1,0,1,26
63,5,f4,hdiff,1,0,1,24
63,5,f4,hi,0,0,1,6
63,5,f4,hlength,1,0,1,24
63,5,f4,hmax,1,0,1,30
63,5,f4,hnba,1,0,1,36
63,5,f3,hg,1,0,1,10
63,5,f3,hdiff,1,0,1,16
63,5,f3,hi,1,0,1,32
63,5,f3,hlength,1,0,1,10
63,5,f3,hmax,1,0,1,16
63,5,f3,hnba,1,0,1,16
63,5,f6,hg,0,0,1,6
63,5,f6,hdiff,0,0,1,6
63,5,f6,hi,1,0,1,12
63,5,f6,hlength,1,0,1,28
63,5,f6,hmax,1,0,1,10
63,5,f6,hnba,1,0,1,18
64,6,f5,hg,0,0,12,6
64,6,f5,hdiff,0,0,12,6
64,6,f5,hi,0,0,12,6
64,6,f5,hlength,0,0,12,18
64,6,f5,hmax,0,0,10,6
64,6,f5,hnba,0,0,12,10
64,6,f1,hg,0,0,12,6
64,6,f1,hdiff,0,0,12,6
64,6,f2,hg,0,0,12,6
64,6,f2,hdiff,0,0,16,14
64,6,f2,hi,0,0,12,6
64,6,f2,hlength,0,0,26,18
64,6,f2,hmax,0,0,10,6
64,6,f2,hnba,0,0,12,16
64,6,f4,hg,0,0,26,26
64,6,f4,hdiff,0,0,26,24
64,6,f4,hi,0,0,18,6
64,6,f4,hlength,0,0,38,24
64,6,f4,hmax,0,0,26,30
64,6,f4,hnba,0,0,46,36
64,6,f3,hg,0,0,10,10
64,6,f3,hdiff,0,0,12,16
64,6,f3,hi,1,0,18,32
64,6,f3,hlength,0,0,12,10
64,6,f3,hmax,0,0,12,16
64,6,f3,hnba,0,0,12,16
64,6,f6,hg,0,0,18,6
64,6,f6,hdiff,0,0,18,6
64,6,f6,hi,0,0,12,12
64,6,f6,hlength,0,0,26,28
64,6,f6,hmax,0,0,10,10
64,6,f6,hnba,0,0,16,18
65,6,f5,hg,0,0,12,6
65,6,f5,hdiff,0,0,12,6
65,6,f5,hi,0,0,10,6
65,6,f5,hlength,1,0,10,18
65,6,f5,hmax,0,0,10,6
65,6,f5,hnba,0,0,20,10
65,6,f1,hg,0,0,12,6
65,6,f1,hdiff,0,0,12,6
65,6,f2,hg,0,0,12,6
65,6,f2,hdiff,0,0,12,14
65,6,f2,hi,0,0,10,6
65,6,f2,hlength,0,0,24,18
65,6,f2,hmax,0,0,10,6
65,6,f2,hnba,0,0,16,16
65,6,f4,hg,0,0,24,26
65,6,f4,hdiff,0,0,24,24
65,6,f4,hi,0,0,18,6
65,6,f4,hlength,0,0,36,24
65,6,f4,hmax,0,0,26,30
65,6,f4,hnba,0,0,38,36
65,6,f3,hg,0,0,10,10
65,6,f3,hdiff,0,0,10,16
65,6,f3,hi,1,0,10,32
65,6,f3,hlength,0,0,10,10
65,6,f3,hmax,0,0,18,16
65,6,f3,hnba,0,0,16,16
65,6,f6,hg,0,0,16,6
65,6,f6,hdiff,0,0,16,6
65,6,f6,hi,0,0,26,12
65,6,f6,hlength,0,0,24,28
65,6,f6,hmax,0,0,10,10
65,6,f6,hnba,1,0,10,18
66,6,f5,hg,0,0,12,6
66,6,f5,hdiff,0,0,14,6
66,6,f5,hi,0,0,20,6
66,6,f5,hlength,0,0,22,18
66,6,f5,hmax,0,0,12,6
66,6,f5,hnba,0,0,14,10
66,6,f1,hg,0,0,14,6
66,6,f1,hdiff,0,0,14,6
66,6,f2,hg,0,0,12,6
66,6,f2,hdiff,0,0,20,14
66,6,f2,hi,0,0,12,6
66,6,f2,hlength,0,0,12,18
66,6,f2,hmax,0,0,12,6
66,6,f2,hnba,0,0,12,16
66,6,f4,hg,0,0,28,26
66,6,f4,hdiff,0,0,36,24
66,6,f4,hi,0,0,42,6
66,6,f4,hlength,0,0,40,24
66,6,f4,hmax,0,0,34,30
66,6,f4,hnba,0,0,40,36
66,6,f3,hg,0,0,14,10
66,6,f3,hdiff,0,0,22,16
66,6,f3,hi,1,0,24,32
66,6,f3,hlength,0,0,14,10
66,6,f3,hmax,0,0,22,16
66,6,f3,hnba,0,0,12,16
66,6,f6,hg,0,0,12,6
66,6,f6,hdiff,0,0,20,6
66,6,f6,hi,0,0,20,12
66,6,f6,hlength,0,0,28,28
66,6,f6,hmax,0,0,12,10
66,6,f6,hnba,0,0,22,18
67,6,f5,hg,0,0,18,6
67,6,f5,hdiff,0,0,16,6
67,6,f5,hi,0,0,10,6
67,6,f5,hlength,1,0,10,18
67,6,f5,hmax,0,0,10,6
67,6,f5,hnba,0,0,14,10
67,6,f1,hg,0,0,10,6
67,6,f1,hdiff,0,0,14,6
67,6,f2,hg,0,0,16,6
67,6,f2,hdiff,0,0,14,14
67,6,f2,hi,0,0,10,6
67,6,f2,hlength,0,0,16,18
67,6,f2,hmax,0,0,10,6
67,6,f2,hnba,0,0,20,16
67,6,f4,hg,0,0,28,26
67,6,f4,hdiff,0,0,26,24
67,6,f4,hi,0,0,24,6
67,6,f4,hlength,0,0,26,24
67,6,f4,hmax,0,0,30,30
67,6,f4,hnba,0,0,38,36
67,6,f3,hg,0,0,12,10
67,6,f3,hdiff,0,0,12,16
67,6,f3,hi,1,0,14,32
67,6,f3,hlength,0,0,10,10
67,6,f3,hmax,0,0,10,16
67,6,f3,hnba,0,0,20,16
67,6,f6,hg,0,0,16,6
67,6,f6,hdiff,0,0,16,6
67,6,f6,hi,0,0,20,12
67,6,f6,hlength,0,0,26,28
67,6,f6,hmax,0,0,10,10
67,6,f6,hnba,1,0,10,18
68,6,f5,hg,0,0,12,6
68,6,f5,hdiff,0,0,18,6
68,6,f5,hi,0,0,12,6
68,6,f5,hlength,0,0,12,18
68,6,f5,hmax,0,0,10,6
68,6,f5,hnba,0,0,14,10
68,6,f1,hg,0,0,16,6
68,6,f1,hdiff,0,0,14,6
68,6,f2,hg,0,0,20,6
68,6,f2,hdiff,0,0,12,14
68,6,f2,hi,0,0,12,6
68,6,f2,hlength,0,0,18,18
68,6,f2,hmax,0,0,10,6
68,6,f2,hnba,0,0,12,16
68,6,f4,hg,0,0,30,26
68,6,f4,hdiff,0,0,28,24
68,6,f4,hi,0,0,22,6
68,6,f4,hlength,0,0,28,24
68,6,f4,hmax,0,0,30,30
68,6,f4,hnba,0,0,46,36
68,6,f3,hg,0,0,12,10
68,6,f3,hdiff,0,0,12,16
68,6,f3,hi,1,0,18,32
68,6,f3,hlength,0,0,12,10
68,6,f3,hmax,0,0,12,16
68,6,f3,hnba,0,0,12,16
68,6,f6,hg,0,0,18,6
68,6,f6,hdiff,0,0,18,6
68,6,f6,hi,0,0,12,12
68,6,f6,hlength,0,0,28,28
68,6,f6,hmax,0,0,10,10
68,6,f6,hnba,0,0,30,18
69,6,f5,hg,0,0,12,6
69,6,f5,hdiff,0,0,20,6
69,6,f5,hi,0,0,20,6
69,6,f5,hlength,0,0,20,18
69,6,f5,hmax,0,0,12,6
69,6,f5,hnba,0,0,14,10
69,6,f1,hg,0,0,12,6
69,6,f1,hdiff,0,0,16,6
69,6,f2,hg,0,0,12,6
69,6,f2,hdiff,0,0,20,14
69,6,f2,hi,0,0,12,6
69,6,f2,hlength,0,0,12,18
69,6,f2,hmax,0,0,12,6
69,6,f2,hnba,0,0,20,16
69,6,f4,hg,0,0,32,26
69,6,f4,hdiff,0,0,36,24
69,6,f4,hi,0,0,22,6
69,6,f4,hlength,0,0,32,24
69,6,f4,hmax,0,0,32,30
69,6,f4,hnba,0,0,40,36
69,6,f3,hg,0,0,12,10
69,6,f3,hdiff,0,0,20,16
69,6,f3,hi,1,0,12,32
69,6,f3,hlength,0,0,14,10
69,6,f3,hmax,0,0,16,16
69,6,f3,hnba,0,0,20,16
69,6,f6,hg,0,0,12,6
69,6,f6,hdiff,0,0,22,6
69,6,f6,hi,0,0,20,12
69,6,f6,hlength,0,0,32,28
69,6,f6,hmax,0,0,12,10
69,6,f6,hnba,0,0,14,18
70,6,f5,hg,0,0,14,6
70,6,f5,hdiff,0,0,12,6
70,6,f5,hi,0,0,10,6
70,6,f5,hlength,0,0,14,18
70,6,f5,hmax,0,0,10,6
70,6,f5,hnba,0,0,12,10
70,6,f1,hg,0,0,12,6
70,6,f1,hdiff,0,0,12,6
70,6,f2,hg,0,0,14,6
70,6,f2,hdiff,0,0,12,14
70,6,f2,hi,0,0,10,6
70,6,f2,hlength,0,0,26,18
70,6,f2,hmax,0,0,10,6
70,6,f2,hnba,0,0,12,16
70,6,f4,hg,0,0,26,26
70,6,f4,hdiff,0,0,26,24
70,6,f4,hi,0,0,24,6
70,6,f4,hlength,0,0,36,24
70,6,f4,hmax,0,0,30,30
70,6,f4,hnba,0,0,38,36
70,6,f3,hg,0,0,12,10
70,6,f3,hdiff,0,0,12,16
70,6,f3,hi,1,0,14,32
70,6,f3,hlength,0,0,12,10
70,6,f3,hmax,0,0,18,16
70,6,f3,hnba,0,0,12,16
70,6,f6,hg,0,0,14,6
70,6,f6,hdiff,0,0,12,6
70,6,f6,hi,0,0,16,12
70,6,f6,hlength,0,0,32,28
70,6,f6,hmax,0,0,10,10
70,6,f6,hnba,0,0,22,18
71,6,f5,hg,0,0,12,6
71,6,f5,hdiff,0,0,16,6
71,6,f5,hi,0,0,10,6
71,6,f5,hlength,0,0,12,18
71,6,f5,hmax,0,0,10,6
71,6,f5,hnba,0,0,14,10
71,6,f1,hg,0,0,12,6
71,6,f1,hdiff,0,0,12,6
71,6,f2,hg,0,0,12,6
71,6,f2,hdiff,0,0,12,14
71,6,f2,hi,0,0,10,6
71,6,f2,hlength,0,0,24,18
71,6,f2,hmax,0,0,10,6
71,6,f2,hnba,0,0,20,16
71,6,f4,hg,0,0,24,26
71,6,f4,hdiff,0,0,24,24
71,6,f4,hi,0,0,30,6
71,6,f4,hlength,0,0,34,24
71,6,f4,hmax,0,0,30,30
71,6,f4,hnba,0,0,36,36
71,6,f3,hg,0,0,12,10
71,6,f3,hdiff,0,0,12,16
71,6,f3,hi,1,0,14,32
71,6,f3,hlength,0,0,12,10
71,6,f3,hmax,0,0,14,16
71,6,f3,hnba,0,0,20,16
71,6,f6,hg,0,0,12,6
71,6,f6,hdiff,0,0,10,6
71,6,f6,hi,0,0,16,12
71,6,f6,hlength,0,0,30,28
71,6,f6,hmax,0,0,10,10
71,6,f6,hnba,1,0,10,18
72,6,f5,hg,0,0,20,6
72,6,f5,hdiff,0,0,12,6
72,6,f5,hi,0,0,12,6
72,6,f5,hlength,0,0,12,18
72,6,f5,hmax,0,0,10,6
72,6,f5,hnba,0,0,12,10
72,6,f1,hg,0,0,12,6
72,6,f1,hdiff,0,0,12,6
72,6,f2,hg,0,0,20,6
72,6,f2,hdiff,0,0,12,14
72,6,f2,hi,0,0,10,6
72,6,f2,hlength,0,0,20,18
72,6,f2,hmax,0,0,10,6
72,6,f2,hnba,0,0,12,16
72,6,f4,hg,0,0,26,26
72,6,f4,hdiff,0,0,40,24
72,6,f4,hi,0,0,28,6
72,6,f4,hlength,0,0,36,24
72,6,f4,hmax,0,0,30,30
72,6,f4,hnba,0,0,40,36
72,6,f3,hg,0,0,12,10
72,6,f3,hdiff,0,0,12,16
72,6,f3,hi,1,0,14,32
72,6,f3,hlength,0,0,12,10
72,6,f3,hmax,0,0,20,16
72,6,f3,hnba,0,0,12,16
72,6,f6,hg,0,0,20,6
72,6,f6,hdiff,0,0,12,6
72,6,f6,hi,0,0,22,12
72,6,f6,hlength,0,0,32,28
72,6,f6,hmax,0,0,10,10
72,6,f6,hnba,0,0,16,18
73,6,f5,hg,0,0,18,6
73,6,f5,hdiff,0,0,18,6
73,6,f5,hi,0,0,10,6
73,6,f5,hlength,1,0,10,18
73,6,f5,hmax,0,0,10,6
73,6,f5,hnba,0,0,20,10
73,6,f1,hg,0,0,12,6
73,6,f1,hdiff,0,0,12,6
73,6,f2,hg,0,0,12,6
73,6,f2,hdiff,0,0,14,14
73,6,f2,hi,0,0,10,6
73,6,f2,hlength,0,0,18,18
73,6,f2,hmax,0,0,10,6
73,6,f2,hnba,0,0,16,16
73,6,f4,hg,0,0,38,26
73,6,f4,hdiff,0,0,24,24
73,6,f4,hi,0,0,18,6
73,6,f4,hlength,0,0,34,24
73,6,f4,hmax,0,0,30,30
73,6,f4,hnba,0,0,36,36
73,6,f3,hg,0,0,10,10
73,6,f3,hdiff,0,0,12,16
73,6,f3,hi,1,0,10,32
73,6,f3,hlength,0,0,10,10
73,6,f3,hmax,0,0,18,16
73,6,f3,hnba,0,0,16,16
73,6,f6,hg,0,0,18,6
73,6,f6,hdiff,0,0,18,6
73,6,f6,hi,0,0,20,12
73,6,f6,hlength,0,0,30,28
73,6,f6,hmax,0,0,10,10
73,6,f6,hnba,1,0,10,18
74,6,f5,hg,0,0,8,6
74,6,f5,hdiff,0,0,8,6
74,6,f5,hi,0,0,8,6
74,6,f5,hlength,1,0,8,18
74,6,f5,hmax,0,0,10,6
74,6,f5,hnba,0,0,16,10
74,6,f1,hg,0,0,8,6
74,6,f1,hdiff,0,0,8,6
74,6,f2,hg,0,0,8,6
74,6,f2,hdiff,0,0,8,14
74,6,f2,hi,0,0,8,6
74,6,f2,hlength,1,0,8,18
74,6,f2,hmax,0,0,8,6
74,6,f2,hnba,1,0,8,16
74,6,f4,hg,1,0,8,26
74,6,f4,hdiff,1,0,8,24
74,6,f4,hi,0,0,22,6
74,6,f4,hlength,1,0,8,24
74,6,f4,hmax,1,0,10,30
74,6,f4,hnba,1,0,16,36
74,6,f3,hg,0,0,12,10
74,6,f3,hdiff,0,0,18,16
74,6,f3,hi,1,0,8,32
74,6,f3,hlength,0,0,12,10
74,6,f3,hmax,0,0,16,16
74,6,f3,hnba,1,0,8,16
74,6,f6,hg,0,0,8,6
74,6,f6,hdiff,0,0,8,6
74,6,f6,hi,0,0,12,12
74,6,f6,hlength,1,0,8,28
74,6,f6,hmax,0,0,10,10
74,6,f6,hnba,0,0,16,18
75,6,f5,hg,0,0,10,6
75,6,f5,hdiff,0,0,10,6
75,6,f5,hi,0,0,10,6
75,6,f5,hlength,0,0,14,18
75,6,f5,hmax,0,0,10,6
75,6,f5,hnba,0,0,10,10
75,6,f1,hg,0,0,10,6
75,6,f1,hdiff,0,0,10,6
75,6,f2,hg,0,0,10,6
75,6,f2,hdiff,0,0,10,14
75,6,f2,hi,0,0,10,6
75,6,f2,hlength,0,0,14,18
75,6,f2,hmax,0,0,10,6
75,6,f2,hnba,0,0,12,16
75,6,f4,hg,1,0,14,26
75,6,f4,hdiff,1,0,10,24
75,6,f4,hi,0,0,26,6
75,6,f4,hlength,1,0,14,24
75,6,f4,hmax,1,0,10,30
75,6,f4,hnba,1,0,10,36
75,6,f3,hg,0,0,10,10
75,6,f3,hdiff,0,0,12,16
75,6,f3,hi,1,0,14,32
75,6,f3,hlength,0,0,12,10
75,6,f3,hmax,0,0,14,16
75,6,f3,hnba,0,0,12,16
75,6,f6,hg,0,0,14,6
75,6,f6,hdiff,0,0,10,6
75,6,f6,hi,0,0,12,12
75,6,f6,hlength,1,0,14,28
75,6,f6,hmax,0,0,10,10
75,6,f6,hnba,1,0,10,18
76,6,f5,hg,0,0,10,6
76,6,f5,hdiff,0,0,10,6
76,6,f5,hi,0,0,10,6
76,6,f5,hlength,0,0,12,18
76,6,f5,hmax,0,0,10,6
76,6,f5,hnba,0,0,14,10
76,6,f1,hg,0,0,10,6
76,6,f1,hdiff,0,0,10,6
76,6,f2,hg,0,0,10,6
76,6,f2,hdiff,0,0,10,14
76,6,f2,hi,0,0,10,6
76,6,f2,hlength,0,0,12,18
76,6,f2,hmax,0,0,10,6
76,6,f2,hnba,0,0,10,16
76,6,f4,hg,1,0,10,26
76,6,f4,hdiff,1,0,10,24
76,6,f4,hi,0,0,30,6
76,6,f4,hlength,1,0,12,24
76,6,f4,hmax,1,0,16,30
76,6,f4,hnba,1,0,12,36
76,6,f3,hg,0,0,12,10
76,6,f3,hdiff,0,0,12,16
76,6,f3,hi,1,0,14,32
76,6,f3,hlength,0,0,12,10
76,6,f3,hmax,0,0,12,16
76,6,f3,hnba,0,0,10,16
76,6,f6,hg,0,0,10,6
76,6,f6,hdiff,0,0,10,6
76,6,f6,hi,0,0,22,12
76,6,f6,hlength,1,0,12,28
76,6,f6,hmax,0,0,10,10
76,6,f6,hnba,1,0,10,18
77,6,f5,hg,0,0,12,6
77,6,f5,hdiff,0,0,12,6
77,6,f5,hi,0,0,10,6
77,6,f5,hlength,0,0,12,18
77,6,f5,hmax,0,0,10,6
77,6,f5,hnba,0,0,12,10
77,6,f1,hg,0,0,12,6
77,6,f1,hdiff,0,0,12,6
77,6,f2,hg,0,0,12,6
77,6,f2,hdiff,0,0,12,14
77,6,f2,hi,0,0,10,6
77,6,f2,hlength,0,0,12,18
77,6,f2,hmax,0,0,10,6
77,6,f2,hnba,0,0,12,16
77,6,f4,hg,1,0,12,26
77,6,f4,hdiff,1,0,12,24
77,6,f4,hi,0,0,20,6
77,6,f4,hlength,1,0,12,24
77,6,f4,hmax,1,0,16,30
77,6,f4,hnba,1,0,12,36
77,6,f3,hg,0,0,12,10
77,6,f3,hdiff,0,0,12,16
77,6,f3,hi,1,0,12,32
77,6,f3,hlength,0,0,12,10
77,6,f3,hmax,0,0,12,16
77,6,f3,hnba,0,0,12,16
77,6,f6,hg,0,0,12,6
77,6,f6,hdiff,0,0,12,6
77,6,f6,hi,0,0,14,12
77,6,f6,hlength,1,0,12,28
77,6,f6,hmax,0,0,10,10
77,6,f6,hnba,0,0,12,18
78,6,f5,hg,0,0,8,6
78,6,f5,hdiff,0,0,8,6
78,6,f5,hi,0,0,8,6
78,6,f5,hlength,1,0,8,18
78,6,f5,hmax,0,0,10,6
78,6,f5,hnba,0,0,14,10
78,6,f1,hg,0,0,8,6
78,6,f1,hdiff,0,0,8,6
78,6,f2,hg,0,0,8,6
78,6,f2,hdiff,0,0,8,14
78,6,f2,hi,0,0,10,6
78,6,f2,hlength,1,0,8,18
78,6,f2,hmax,0,0,10,6
78,6,f2,hnba,1,0,8,16
78,6,f4,hg,1,0,8,26
78,6,f4,hdiff,1,0,8,24
78,6,f4,hi,0,0,24,6
78,6,f4,hlength,1,0,8,24
78,6,f4,hmax,1,0,16,30
78,6,f4,hnba,1,0,8,36
78,6,f3,hg,0,0,8,10
78,6,f3,hdiff,1,0,8,16
78,6,f3,hi,1,0,14,32
78,6,f3,hlength,0,0,10,10
78,6,f3,hmax,1,0,8,16
78,6,f3,hnba,1,0,8,16
78,6,f6,hg,0,0,8,6
78,6,f6,hdiff,0,0,8,6
78,6,f6,hi,0,0,24,12
78,6,f6,hlength,1,0,8,28
78,6,f6,hmax,0,0,10,10
78,6,f6,hnba,1,0,10,18
79,6,f5,hg,0,0,10,6
79,6,f5,hdiff,0,0,14,6
79,6,f5,hi,0,0,10,6
79,6,f5,hlength,1,0,10,18
79,6,f5,hmax,0,0,10,6
79,6,f5,hnba,0,0,12,10
79,6,f1,hg,0,0,14,6
79,6,f1,hdiff,0,0,14,6
79,6,f2,hg,0,0,10,6
79,6,f2,hdiff,0,0,14,14
79,6,f2,hi,0,0,10,6
79,6,f2,hlength,1,0,10,18
79,6,f2,hmax,0,0,10,6
79,6,f2,hnba,0,0,10,16
79,6,f4,hg,1,0,10,26
79,6,f4,hdiff,1,0,14,24
79,6,f4,hi,0,0,10,6
79,6,f4,hlength,1,0,10,24
79,6,f4,hmax,1,0,16,30
79,6,f4,hnba,1,0,14,36
79,6,f3,hg,0,0,12,10
79,6,f3,hdiff,0,0,10,16
79,6,f3,hi,1,0,10,32
79,6,f3,hlength,0,0,12,10
79,6,f3,hmax,0,0,10,16
79,6,f3,hnba,0,0,10,16
79,6,f6,hg,0,0,10,6
79,6,f6,hdiff,0,0,14,6
79,6,f6,hi,0,0,12,12
79,6,f6,hlength,1,0,10,28
79,6,f6,hmax,0,0,10,10
79,6,f6,hnba,0,0,14,18
80,6,f5,hg,0,0,14,6
80,6,f5,hdiff,0,0,16,6
80,6,f5,hi,0,0,10,6
80,6,f5,hlength,0,0,26,18
80,6,f5,hmax,0,0,10,6
80,6,f5,hnba,0,0,12,10
80,6,f1,hg,0,0,14,6
80,6,f1,hdiff,0,0,14,6
80,6,f2,hg,0,0,14,6
80,6,f2,hdiff,0,0,14,14
80,6,f2,hi,0,0,14,6
80,6,f2,hlength,0,0,16,18
80,6,f2,hmax,0,0,10,6
80,6,f2,hnba,0,0,12,16
80,6,f4,hg,0,0,38,26
80,6,f4,hdiff,0,0,24,24
80,6,f4,hi,0,0,26,6
80,6,f4,hlength,0,0,48,24
80,6,f4,hmax,0,0,30,30
80,6,f4,hnba,0,0,36,36
80,6,f3,hg,0,0,12,10
80,6,f3,hdiff,0,0,12,16
80,6,f3,hi,1,0,16,32
80,6,f3,hlength,0,0,12,10
80,6,f3,hmax,0,0,16,16
80,6,f3,hnba,0,0,12,16
80,6,f6,hg,0,0,14,6
80,6,f6,hdiff,0,0,12,6
80,6,f6,hi,0,0,14,12
80,6,f6,hlength,0,0,28,28
80,6,f6,hmax,0,0,10,10
80,6,f6,hnba,0,0,16,18
81,6,f5,hg,0,0,10,6
81,6,f5,hdiff,0,0,10,6
81,6,f5,hi,0,0,10,6
81,6,f5,hlength,1,0,10,18
81,6,f5,hmax,0,0,10,6
81,6,f5,hnba,0,0,10,10
81,6,f1,hg,0,0,10,6
81,6,f1,hdiff,0,0,14,6
81,6,f2,hg,0,0,10,6
81,6,f2,hdiff,0,0,10,14
81,6,f2,hi,0,0,10,6
81,6,f2,hlength,0,0,16,18
81,6,f2,hmax,0,0,10,6
81,6,f2,hnba,0,0,12,16
81,6,f4,hg,0,0,50,26
81,6,f4,hdiff,0,0,34,24
81,6,f4,hi,0,0,10,6
81,6,f4,hlength,0,0,48,24
81,6,f4,hmax,0,0,30,30
81,6,f4,hnba,0,0,38,36
81,6,f3,hg,0,0,12,10
81,6,f3,hdiff,0,0,10,16
81,6,f3,hi,1,0,16,32
81,6,f3,hlength,0,0,12,10
81,6,f3,hmax,0,0,22,16
81,6,f3,hnba,0,0,12,16
81,6,f6,hg,0,0,10,6
81,6,f6,hdiff,0,0,16,6
81,6,f6,hi,0,0,10,12
81,6,f6,hlength,0,0,28,28
81,6,f6,hmax,0,0,10,10
81,6,f6,hnba,0,0,16,18
82,6,f5,hg,0,0,6,6
82,6,f5,hdiff,0,0,6,6
82,6,f5,hi,0,0,6,6
82,6,f5,hlength,1,0,6,18
82,6,f5,hmax,0,0,10,6
82,6,f5,hnba,0,0,10,10
82,6,f1,hg,0,0,6,6
82,6,f1,hdiff,0,0,6,6
82,6,f2,hg,0,0,6,6
82,6,f2,hdiff,1,0,6,14
82,6,f2,hi,0,0,6,6
82,6,f2,hlength,1,0,6,18
82,6,f2,hmax,0,0,6,6
82,6,f2,hnba,1,0,6,16
82,6,f4,hg,1,0,6,26
82,6,f4,hdiff,1,0,6,24
82,6,f4,hi,0,0,14,6
82,6,f4,hlength,1,0,6,24
82,6,f4,hmax,1,0,16,30
82,6,f4,hnba,1,0,18,36
82,6,f3,hg,0,0,6,10
82,6,f3,hdiff,0,0,16,16
82,6,f3,hi,1,0,6,32
82,6,f3,hlength,0,0,6,10
82,6,f3,hmax,1,0,6,16
82,6,f3,hnba,1,0,6,16
82,6,f6,hg,0,0,6,6
82,6,f6,hdiff,0,0,6,6
82,6,f6,hi,0,0,14,12
82,6,f6,hlength,1,0,6,28
82,6,f6,hmax,0,0,10,10
82,6,f6,hnba,0,0,14,18
83,6,f5,hg,0,0,16,6
83,6,f5,hdiff,0,0,8,6
83,6,f5,hi,0,0,8,6
83,6,f5,hlength,0,0,20,18
83,6,f5,hmax,0,0,10,6
83,6,f5,hnba,0,0,8,10
83,6,f1,hg,0,0,8,6
83,6,f1,hdiff,0,0,8,6
83,6,f2,hg,0,0,16,6
83,6,f2,hdiff,0,0,8,14
83,6,f2,hi,0,0,8,6
83,6,f2,hlength,0,0,16,18
83,6,f2,hmax,0,0,10,6
83,6,f2,hnba,0,0,14,16
83,6,f4,hg,1,0,16,26
83,6,f4,hdiff,1,0,8,24
83,6,f4,hi,0,0,22,6
83,6,f4,hlength,1,0,16,24
83,6,f4,hmax,1,0,16,30
83,6,f4,hnba,1,0,8,36
83,6,f3,hg,0,0,8,10
83,6,f3,hdiff,0,0,10,16
83,6,f3,hi,1,0,16,32
83,6,f3,hlength,0,0,10,10
83,6,f3,hmax,1,0,8,16
83,6,f3,hnba,0,0,14,16
83,6,f6,hg,0,0,16,6
83,6,f6,hdiff,0,0,8,6
83,6,f6,hi,0,0,8,12
83,6,f6,hlength,1,0,16,28
83,6,f6,hmax,0,0,10,10
83,6,f6,hnba,1,0,8,18
84,6,f5,hg,0,0,14,6
84,6,f5,hdiff,0,0,10,6
84,6,f5,hi,0,0,10,6
84,6,f5,hlength,0,0,14,18
84,6,f5,hmax,0,0,10,6
84,6,f5,hnba,0,0,10,10
84,6,f1,hg,0,0,14,6
84,6,f1,hdiff,0,0,14,6
84,6,f2,hg,0,0,14,6
84,6,f2,hdiff,0,0,14,14
84,6,f2,hi,0,0,10,6
84,6,f2,hlength,0,0,14,18
84,6,f2,hmax,0,0,10,6
84,6,f2,hnba,0,0,10,16
84,6,f4,hg,0,0,24,26
84,6,f4,hdiff,0,0,24,24
84,6,f4,hi,0,0,20,6
84,6,f4,hlength,0,0,24,24
84,6,f4,hmax,0,0,30,30
84,6,f4,hnba,0,0,38,36
84,6,f3,hg,0,0,10,10
84,6,f3,hdiff,0,0,20,16
84,6,f3,hi,1,0,14,32
84,6,f3,hlength,0,0,10,10
84,6,f3,hmax,0,0,10,16
84,6,f3,hnba,0,0,10,16
84,6,f6,hg,0,0,14,6
84,6,f6,hdiff,0,0,18,6
84,6,f6,hi,0,0,20,12
84,6,f6,hlength,0,0,24,28
84,6,f6,hmax,0,0,10,10
84,6,f6,hnba,0,0,14,18
85,6,f5,hg,0,0,20,6
85,6,f5,hdiff,0,0,16,6
85,6,f5,hi,0,0,10,6
85,6,f5,hlength,0,0,14,18
85,6,f5,hmax,0,0,10,6
85,6,f5,hnba,0,0,10,10
85,6,f1,hg,0,0,10,6
85,6,f1,hdiff,0,0,10,6
85,6,f2,hg,0,0,14,6
85,6,f2,hdiff,0,0,14,14
85,6,f2,hi,0,0,10,6
85,6,f2,hlength,0,0,24,18
85,6,f2,hmax,0,0,10,6
85,6,f2,hnba,0,0,10,16
85,6,f4,hg,0,0,24,26
85,6,f4,hdiff,0,0,26,24
85,6,f4,hi,0,0,26,6
85,6,f4,hlength,0,0,24,24
85,6,f4,hmax,0,0,30,30
85,6,f4,hnba,0,0,38,36
85,6,f3,hg,0,0,10,10
85,6,f3,hdiff,0,0,10,16
85,6,f3,hi,1,0,14,32
85,6,f3,hlength,0,0,10,10
85,6,f3,hmax,0,0,16,16
85,6,f3,hnba,0,0,10,16
85,6,f6,hg,0,0,14,6
85,6,f6,hdiff,0,0,16,6
85,6,f6,hi,0,0,18,12
85,6,f6,hlength,0,0,24,28
85,6,f6,hmax,0,0,10,10
85,6,f6,hnba,0,0,14,18
86,6,f5,hg,0,0,14,6
86,6,f5,hdiff,0,0,10,6
86,6,f5,hi,0,0,14,6
86,6,f5,hlength,0,0,20,18
86,6,f5,hmax,0,0,10,6
86,6,f5,hnba,0,0,10,10
86,6,f1,hg,0,0,14,6
86,6,f1,hdiff,0,0,10,6
86,6,f2,hg,0,0,14,6
86,6,f2,hdiff,0,0,14,14
86,6,f2,hi,0,0,14,6
86,6,f2,hlength,0,0,22,18
86,6,f2,hmax,0,0,10,6
86,6,f2,hnba,0,0,10,16
86,6,f4,hg,0,0,40,26
86,6,f4,hdiff,0,0,24,24
86,6,f4,hi,0,0,26,6
86,6,f4,hlength,0,0,34,24
86,6,f4,hmax,0,0,30,30
86,6,f4,hnba,0,0,36,36
86,6,f3,hg,0,0,10,10
86,6,f3,hdiff,0,0,10,16
86,6,f3,hi,1,0,18,32
86,6,f3,hlength,0,0,10,10
86,6,f3,hmax,0,0,20,16
86,6,f3,hnba,0,0,10,16
86,6,f6,hg,0,0,14,6
86,6,f6,hdiff,0,0,20,6
86,6,f6,hi,0,0,14,12
86,6,f6,hlength,0,0,34,28
86,6,f6,hmax,0,0,10,10
86,6,f6,hnba,0,0,20,18
87,6,f5,hg,0,0,10,6
87,6,f5,hdiff,0,0,14,6
87,6,f5,hi,0,0,10,6
87,6,f5,hlength,1,0,10,18
87,6,f5,hmax,0,0,10,6
87,6,f5,hnba,0,0,10,10
87,6,f1,hg,0,0,10,6
87,6,f1,hdiff,0,0,14,6
87,6,f2,hg,0,0,10,6
87,6,f2,hdiff,0,0,14,14
87,6,f2,hi,0,0,10,6
87,6,f2,hlength,0,0,22,18
87,6,f2,hmax,0,0,10,6
87,6,f2,hnba,0,0,10,16
87,6,f4,hg,0,0,44,26
87,6,f4,hdiff,0,0,34,24
87,6,f4,hi,0,0,10,6
87,6,f4,hlength,0,0,34,24
87,6,f4,hmax,0,0,32,30
87,6,f4,hnba,0,0,38,36
87,6,f3,hg,0,0,10,10
87,6,f3,hdiff,0,0,16,16
87,6,f3,hi,1,0,10,32
87,6,f3,hlength,0,0,10,10
87,6,f3,hmax,0,0,20,16
87,6,f3,hnba,0,0,10,16
87,6,f6,hg,0,0,10,6
87,6,f6,hdiff,0,0,18,6
87,6,f6,hi,0,0,10,12
87,6,f6,hlength,0,0,34,28
87,6,f6,hmax,0,0,10,10
87,6,f6,hnba,0,0,20,18
88,6,f5,hg,0,0,26,6
88,6,f5,hdiff,0,0,10,6
88,6,f5,hi,0,0,10,6
88,6,f5,hlength,0,0,18,18
88,6,f5,hmax,0,0,10,6
88,6,f5,hnba,0,0,14,10
88,6,f1,hg,0,0,10,6
88,6,f1,hdiff,0,0,10,6
88,6,f2,hg,0,0,20,6
88,6,f2,hdiff,0,0,18,14
88,6,f2,hi,0,0,18,6
88,6,f2,hlength,0,0,20,18
88,6,f2,hmax,0,0,10,6
88,6,f2,hnba,0,0,18,16
88,6,f4,hg,0,0,38,26
88,6,f4,hdiff,0,0,28,24
88,6,f4,hi,0,0,28,6
88,6,f4,hlength,0,0,24,24
88,6,f4,hmax,0,0,34,30
88,6,f4,hnba,0,0,40,36
88,6,f3,hg,0,0,10,10
88,6,f3,hdiff,0,0,14,16
88,6,f3,hi,1,0,20,32
88,6,f3,hlength,0,0,10,10
88,6,f3,hmax,0,0,26,16
88,6,f3,hnba,0,0,18,16
88,6,f6,hg,0,0,20,6
88,6,f6,hdiff,0,0,10,6
88,6,f6,hi,0,0,26,12
88,6,f6,hlength,0,0,24,28
88,6,f6,hmax,0,0,16,10
88,6,f6,hnba,0,0,30,18
89,6,f5,hg,0,0,14,6
89,6,f5,hdiff,0,0,10,6
89,6,f5,hi,0,0,20,6
89,6,f5,hlength,0,0,14,18
89,6,f5,hmax,0,0,10,6
89,6,f5,hnba,0,0,14,10
89,6,f1,hg,0,0,10,6
89,6,f1,hdiff,0,0,10,6
89,6,f2,hg,0,0,22,6
89,6,f2,hdiff,0,0,20,14
89,6,f2,hi,0,0,14,6
89,6,f2,hlength,0,0,26,18
89,6,f2,hmax,0,0,10,6
89,6,f2,hnba,0,0,14,16
89,6,f4,hg,0,0,38,26
89,6,f4,hdiff,0,0,42,24
89,6,f4,hi,0,0,38,6
89,6,f4,hlength,0,0,24,24
89,6,f4,hmax,0,0,34,30
89,6,f4,hnba,0,0,42,36
89,6,f3,hg,0,0,10,10
89,6,f3,hdiff,0,0,14,16
89,6,f3,hi,1,0,20,32
89,6,f3,hlength,0,0,10,10
89,6,f3,hmax,0,0,28,16
89,6,f3,hnba,0,0,14,16
89,6,f6,hg,0,0,22,6
89,6,f6,hdiff,0,0,10,6
89,6,f6,hi,0,0,32,12
89,6,f6,hlength,0,0,24,28
89,6,f6,hmax,0,0,16,10
89,6,f6,hnba,0,0,24,18
90,6,f5,hg,0,0,8,6
90,6,f5,hdiff,0,0,8,6
90,6,f5,hi,0,0,8,6
90,6,f5,hlength,0,0,20,18
90,6,f5,hmax,0,0,8,6
90,6,f5,hnba,0,0,8,10
90,6,f1,hg,0,0,8,6
90,6,f1,hdiff,0,0,8,6
90,6,f2,hg,0,0,8,6
90,6,f2,hdiff,0,0,8,14
90,6,f2,hi,0,0,8,6
90,6,f2,hlength,0,0,24,18
90,6,f2,hmax,0,0,8,6
90,6,f2,hnba,1,0,8,16
90,6,f4,hg,0,0,20,26
90,6,f4,hdiff,0,0,20,24
90,6,f4,hi,0,0,8,6
90,6,f4,hlength,0,0,20,24
90,6,f4,hmax,1,0,8,30
90,6,f4,hnba,1,0,8,36
90,6,f3,hg,0,0,14,10
90,6,f3,hdiff,0,0,20,16
90,6,f3,hi,1,0,22,32
90,6,f3,hlength,0,0,8,10
90,6,f3,hmax,0,0,20,16
90,6,f3,hnba,1,0,8,16
90,6,f6,hg,0,0,20,6
90,6,f6,hdiff,0,0,20,6
90,6,f6,hi,0,0,8,12
90,6,f6,hlength,1,0,20,28
90,6,f6,hmax,0,0,8,10
90,6,f6,hnba,1,0,8,18
91,6,f5,hg,0,1,0,6
91,6,f5,hdiff,0,1,0,6
91,6,f5,hi,0,1,0,6
91,6,f5,hlength,0,1,0,18
91,6,f5,hmax,0,1,0,6
91,6,f5,hnba,0,1,0,10
91,6,f1,hg,0,1,0,6
91,6,f1,hdiff,0,1,0,6
91,6,f2,hg,0,1,0,6
91,6,f2,hdiff,0,1,0,14
91,6,f2,hi,0,1,0,6
91,6,f2,hlength,0,1,0,18
91,6,f2,hmax,0,1,0,6
91,6,f2,hnba,0,1,0,16
91,6,f4,hg,0,1,0,26
91,6,f4,hdiff,0,1,0,24
91,6,f4,hi,0,1,0,6
91,6,f4,hlength,0,1,0,24
91,6,f4,hmax,0,1,0,30
91,6,f4,hnba,0,1,0,36
91,6,f3,hg,0,1,0,10
91,6,f3,hdiff,0,1,0,16
91,6,f3,hi,0,1,0,32
91,6,f3,hlength,0,1,0,10
91,6,f3,hmax,0,1,0,16
91,6,f3,hnba,0,1,0,16
91,6,f6,hg,0,1,0,6
91,6,f6,hdiff,0,1,0,6
91,6,f6,hi,0,1,0,12
91,6,f6,hlength,0,1,0,28
91,6,f6,hmax,0,1,0,10
91,6,f6,hnba,0,1,0,18
92,7,f5,hg,0,0,13,6
92,7,f5,hdiff,0,0,13,6
92,7,f5,hi,0,0,11,6
92,7,f5,hlength,0,0,13,18
92,7,f5,hmax,0,0,11,6
92,7,f5,hnba,0,0,27,10
92,7,f1,hg,0,0,13,6
92,7,f1,hdiff,0,0,13,6
92,7,f2,hg,0,0,13,6
92,7,f2,hdiff,0,0,13,14
92,7,f2,hi,0,0,19,6
92,7,f2,hlength,0,0,27,18
92,7,f2,hmax,0,0,11,6
92,7,f2,hnba,0,0,13,16
92,7,f4,hg,0,0,27,26
92,7,f4,hdiff,0,0,27,24
92,7,f4,hi,0,0,31,6
92,7,f4,hlength,0,0,39,24
92,7,f4,hmax,0,0,27,30
92,7,f4,hnba,0,0,47,36
92,7,f3,hg,0,0,11,10
92,7,f3,hdiff,0,0,13,16
92,7,f3,hi,1,0,13,32
92,7,f3,hlength,0,0,13,10
92,7,f3,hmax,0,0,13,16
92,7,f3,hnba,0,0,13,16
92,7,f6,hg,0,0,33,6
92,7,f6,hdiff,0,0,41,6
92,7,f6,hi,0,0,31,12
92,7,f6,hlength,0,0,39,28
92,7,f6,hmax,0,0,17,10
92,7,f6,hnba,0,0,29,18
93,7,f5,hg,0,0,19,6
93,7,f5,hdiff,0,0,19,6
93,7,f5,hi,0,0,15,6
93,7,f5,hlength,0,0,13,18
93,7,f5,hmax,0,0,11,6
93,7,f5,hnba,0,0,21,10
93,7,f1,hg,0,0,17,6
93,7,f1,hdiff,0,0,17,6
93,7,f2,hg,0,0,21,6
93,7,f2,hdiff,0,0,17,14
93,7,f2,hi,0,0,15,6
93,7,f2,hlength,0,0,19,18
93,7,f2,hmax,0,0,11,6
93,7,f2,hnba,0,0,19,16
93,7,f4,hg,0,0,31,26
93,7,f4,hdiff,0,0,29,24
93,7,f4,hi,0,0,27,6
93,7,f4,hlength,0,0,29,24
93,7,f4,hmax,0,0,31,30
93,7,f4,hnba,0,0,47,36
93,7,f3,hg,0,0,11,10
93,7,f3,hdiff,0,0,13,16
93,7,f3,hi,1,0,15,32
93,7,f3,hlength,0,0,13,10
93,7,f3,hmax,0,0,13,16
93,7,f3,hnba,0,0,19,16
93,7,f6,hg,0,0,33,6
93,7,f6,hdiff,0,0,33,6
93,7,f6,hi,0,0,33,12
93,7,f6,hlength,0,0,39,28
93,7,f6,hmax,0,0,17,10
93,7,f6,hnba,0,0,33,18
94,7,f5,hg,0,0,19,6
94,7,f5,hdiff,0,0,19,6
94,7,f5,hi,0,0,13,6
94,7,f5,hlength,0,0,19,18
94,7,f5,hmax,0,0,11,6
94,7,f5,hnba,0,0,19,10
94,7,f1,hg,0,0,13,6
94,7,f1,hdiff,0,0,13,6
94,7,f2,hg,0,0,15,6
94,7,f2,hdiff,0,0,19,14
94,7,f2,hi,0,0,19,6
94,7,f2,hlength,0,0,27,18
94,7,f2,hmax,0,0,11,6
94,7,f2,hnba,0,0,17,16
94,7,f4,hg,0,0,27,26
94,7,f4,hdiff,0,0,27,24
94,7,f4,hi,0,0,25,6
94,7,f4,hlength,0,0,37,24
94,7,f4,hmax,0,0,31,30
94,7,f4,hnba,0,0,39,36
94,7,f3,hg,0,0,11,10
94,7,f3,hdiff,0,0,15,16
94,7,f3,hi,1,0,11,32
94,7,f3,hlength,0,0,13,10
94,7,f3,hmax,0,0,19,16
94,7,f3,hnba,0,0,17,16
94,7,f6,hg,0,0,27,6
94,7,f6,hdiff,0,0,27,6
94,7,f6,hi,0,0,23,12
94,7,f6,hlength,0,0,27,28
94,7,f6,hmax,0,0,15,10
94,7,f6,hnba,0,0,35,18
95,7,f5,hg,0,0,13,6
95,7,f5,hdiff,0,0,17,6
95,7,f5,hi,0,0,11,6
95,7,f5,hlength,0,0,13,18
95,7,f5,hmax,0,0,11,6
95,7,f5,hnba,0,0,19,10
95,7,f1,hg,0,0,13,6
95,7,f1,hdiff,0,0,13,6
95,7,f2,hg,0,0,21,6
95,7,f2,hdiff,0,0,15,14
95,7,f2,hi,0,0,25,6
95,7,f2,hlength,0,0,21,18
95,7,f2,hmax,0,0,11,6
95,7,f2,hnba,0,0,13,16
95,7,f4,hg,0,0,27,26
95,7,f4,hdiff,0,0,41,24
95,7,f4,hi,0,0,41,6
95,7,f4,hlength,0,0,37,24
95,7,f4,hmax,0,0,31,30
95,7,f4,hnba,0,0,41,36
95,7,f3,hg,0,0,11,10
95,7,f3,hdiff,0,0,13,16
95,7,f3,hi,1,0,11,32
95,7,f3,hlength,0,0,13,10
95,7,f3,hmax,0,0,21,16
95,7,f3,hnba,0,0,13,16
95,7,f6,hg,0,0,43,6
95,7,f6,hdiff,0,0,43,6
95,7,f6,hi,0,0,25,12
95,7,f6,hlength,0,0,39,28
95,7,f6,hmax,0,0,15,10
95,7,f6,hnba,0,0,35,18
96,7,f5,hg,0,0,9,6
96,7,f5,hdiff,0,0,9,6
96,7,f5,hi,0,0,9,6
96,7,f5,hlength,1,0,9,18
96,7,f5,hmax,0,0,11,6
96,7,f5,hnba,0,0,19,10
96,7,f1,hg,0,0,9,6
96,7,f1,hdiff,0,0,9,6
96,7,f2,hg,0,0,9,6
96,7,f2,hdiff,0,0,9,14
96,7,f2,hi,0,0,9,6
96,7,f2,hlength,1,0,9,18
96,7,f2,hmax,0,0,9,6
96,7,f2,hnba,0,0,9,16
96,7,f4,hg,1,0,9,26
96,7,f4,hdiff,1,0,9,24
96,7,f4,hi,0,0,29,6
96,7,f4,hlength,1,0,9,24
96,7,f4,hmax,1,0,11,30
96,7,f4,hnba,1,0,17,36
96,7,f3,hg,0,0,13,10
96,7,f3,hdiff,0,0,19,16
96,7,f3,hi,1,0,11,32
96,7,f3,hlength,0,0,13,10
96,7,f3,hmax,0,0,17,16
96,7,f3,hnba,0,0,9,16
96,7,f6,hg,0,0,17,6
96,7,f6,hdiff,0,0,33,6
96,7,f6,hi,0,0,33,12
96,7,f6,hlength,1,0,17,28
96,7,f6,hmax,0,0,17,10
96,7,f6,hnba,0,0,35,18
97,7,f5,hg,0,0,11,6
97,7,f5,hdiff,0,0,11,6
97,7,f5,hi,0,0,11,6
97,7,f5,hlength,0,0,11,18
97,7,f5,hmax,0,0,11,6
97,7,f5,hnba,0,0,29,10
97,7,f1,hg,0,0,11,6
97,7,f1,hdiff,0,0,11,6
97,7,f2,hg,0,0,11,6
97,7,f2,hdiff,0,0,11,14
97,7,f2,hi,0,0,19,6
97,7,f2,hlength,0,0,15,18
97,7,f2,hmax,0,0,11,6
97,7,f2,hnba,0,0,11,16
97,7,f4,hg,1,0,15,26
97,7,f4,hdiff,1,0,11,24
97,7,f4,hi,0,0,35,6
97,7,f4,hlength,1,0,15,24
97,7,f4,hmax,1,0,11,30
97,7,f4,hnba,1,0,11,36
97,7,f3,hg,0,0,11,10
97,7,f3,hdiff,0,0,13,16
97,7,f3,hi,1,0,13,32
97,7,f3,hlength,0,0,13,10
97,7,f3,hmax,0,0,15,16
97,7,f3,hnba,0,0,11,16
97,7,f6,hg,0,0,11,6
97,7,f6,hdiff,0,0,11,6
97,7,f6,hi,0,0,33,12
97,7,f6,hlength,1,0,11,28
97,7,f6,hmax,0,0,17,10
97,7,f6,hnba,0,0,11,18
98,7,f5,hg,0,0,13,6
98,7,f5,hdiff,0,0,13,6
98,7,f5,hi,0,0,17,6
98,7,f5,hlength,0,0,13,18
98,7,f5,hmax,0,0,11,6
98,7,f5,hnba,0,0,15,10
98,7,f1,hg,0,0,13,6
98,7,f1,hdiff,0,0,13,6
98,7,f2,hg,0,0,13,6
98,7,f2,hdiff,0,0,13,14
98,7,f2,hi,0,0,11,6
98,7,f2,hlength,0,0,13,18
98,7,f2,hmax,0,0,11,6
98,7,f2,hnba,0,0,13,16
98,7,f4,hg,1,0,13,26
98,7,f4,hdiff,1,0,13,24
98,7,f4,hi,0,0,29,6
98,7,f4,hlength,1,0,13,24
98,7,f4,hmax,1,0,17,30
98,7,f4,hnba,1,0,13,36
98,7,f3,hg,0,0,11,10
98,7,f3,hdiff,0,0,13,16
98,7,f3,hi,1,0,11,32
98,7,f3,hlength,0,0,13,10
98,7,f3,hmax,0,0,13,16
98,7,f3,hnba,0,0,13,16
98,7,f6,hg,0,0,13,6
98,7,f6,hdiff,0,0,13,6
98,7,f6,hi,0,0,31,12
98,7,f6,hlength,1,0,13,28
98,7,f6,hmax,0,0,17,10
98,7,f6,hnba,0,0,25,18
99,7,f5,hg,0,0,15,6
99,7,f5,hdiff,0,0,15,6
99,7,f5,hi,0,0,11,6
99,7,f5,hlength,0,0,15,18
99,7,f5,hmax,0,0,11,6
99,7,f5,hnba,0,0,15,10
99,7,f1,hg,0,0,15,6
99,7,f1,hdiff,0,0,15,6
99,7,f2,hg,0,0,11,6
99,7,f2,hdiff,0,0,15,14
99,7,f2,hi,0,0,11,6
99,7,f2,hlength,0,0,11,18
99,7,f2,hmax,0,0,11,6
99,7,f2,hnba,0,0,11,16
99,7,f4,hg,1,0,11,26
99,7,f4,hdiff,1,0,15,24
99,7,f4,hi,0,0,27,6
99,7,f4,hlength,1,0,11,24
99,7,f4,hmax,1,0,17,30
99,7,f4,hnba,1,0,15,36
99,7,f3,hg,0,0,13,10
99,7,f3,hdiff,0,0,11,16
99,7,f3,hi,1,0,11,32
99,7,f3,hlength,0,0,13,10
99,7,f3,hmax,0,0,11,16
99,7,f3,hnba,0,0,11,16
99,7,f6,hg,0,0,15,6
99,7,f6,hdiff,0,0,15,6
99,7,f6,hi,0,0,25,12
99,7,f6,hlength,1,0,15,28
99,7,f6,hmax,0,0,17,10
99,7,f6,hnba,0,0,15,18
100,7,f5,hg,0,0,13,6
100,7,f5,hdiff,0,0,17,6
100,7,f5,hi,0,0,11,6
100,7,f5,hlength,0,0,13,18
100,7,f5,hmax,0,0,11,6
100,7,f5,hnba,0,0,15,10
100,7,f1,hg,0,0,15,6
100,7,f1,hdiff,0,0,15,6
100,7,f2,hg,0,0,15,6
100,7,f2,hdiff,0,0,15,14
100,7,f2,hi,0,0,17,6
100,7,f2,hlength,0,0,17,18
100,7,f2,hmax,0,0,11,6
100,7,f2,hnba,0,0,17,16
100,7,f4,hg,0,0,39,26
100,7,f4,hdiff,0,0,25,24
100,7,f4,hi,0,0,27,6
100,7,f4,hlength,0,0,49,24
100,7,f4,hmax,0,0,31,30
100,7,f4,hnba,0,0,37,36
100,7,f3,hg,0,0,11,10
100,7,f3,hdiff,0,0,13,16
100,7,f3,hi,1,0,13,32
100,7,f3,hlength,0,0,13,10
100,7,f3,hmax,0,0,17,16
100,7,f3,hnba,0,0,17,16
100,7,f6,hg,0,0,25,6
100,7,f6,hdiff,0,0,25,6
100,7,f6,hi,0,0,33,12
100,7,f6,hlength,0,0,31,28
100,7,f6,hmax,0,0,17,10
100,7,f6,hnba,0,0,25,18
101,7,f5,hg,0,0,17,6
101,7,f5,hdiff,0,0,11,6
101,7,f5,hi,0,0,15,6
101,7,f5,hlength,0,0,17,18
101,7,f5,hmax,0,0,11,6
101,7,f5,hnba,0,0,15,10
101,7,f1,hg,0,0,11,6
101,7,f1,hdiff,0,0,15,6
101,7,f2,hg,0,0,11,6
101,7,f2,hdiff,0,0,11,14
101,7,f2,hi,0,0,23,6
101,7,f2,hlength,0,0,17,18
101,7,f2,hmax,0,0,11,6
101,7,f2,hnba,0,0,17,16
101,7,f4,hg,0,0,51,26
101,7,f4,hdiff,0,0,35,24
101,7,f4,hi,0,0,43,6
101,7,f4,hlength,0,0,49,24
101,7,f4,hmax,0,0,31,30
101,7,f4,hnba,0,0,39,36
101,7,f3,hg,0,0,13,10
101,7,f3,hdiff,0,0,11,16
101,7,f3,hi,1,0,11,32
101,7,f3,hlength,0,0,13,10
101,7,f3,hmax,0,0,23,16
101,7,f3,hnba,0,0,17,16
101,7,f6,hg,0,0,35,6
101,7,f6,hdiff,0,0,17,6
101,7,f6,hi,0,0,25,12
101,7,f6,hlength,0,0,45,28
101,7,f6,hmax,0,0,17,10
101,7,f6,hnba,0,0,27,18
102,7,f5,hg,0,0,7,6
102,7,f5,hdiff,0,0,7,6
102,7,f5,hi,0,0,7,6
102,7,f5,hlength,1,0,7,18
102,7,f5,hmax,0,0,7,6
102,7,f5,hnba,0,0,7,10
102,7,f1,hg,0,0,7,6
102,7,f1,hdiff,0,0,7,6
102,7,f2,hg,0,0,7,6
102,7,f2,hdiff,0,0,7,14
102,7,f2,hi,0,0,7,6
102,7,f2,hlength,1,0,7,18
102,7,f2,hmax,0,0,7,6
102,7,f2,hnba,1,0,7,16
102,7,f4,hg,1,0,7,26
102,7,f4,hdiff,1,0,7,24
102,7,f4,hi,0,0,7,6
102,7,f4,hlength,1,0,7,24
102,7,f4,hmax,1,0,17,30
102,7,f4,hnba,1,0,19,36
102,7,f3,hg,0,0,7,10
102,7,f3,hdiff,1,0,7,16
102,7,f3,hi,1,0,11,32
102,7,f3,hlength,0,0,7,10
102,7,f3,hmax,1,0,7,16
102,7,f3,hnba,1,0,7,16
102,7,f6,hg,0,0,7,6
102,7,f6,hdiff,0,0,7,6
102,7,f6,hi,0,0,7,12
102,7,f6,hlength,1,0,19,28
102,7,f6,hmax,0,0,17,10
102,7,f6,hnba,0,0,21,18
103,7,f5,hg,0,0,9,6
103,7,f5,hdiff,0,0,9,6
103,7,f5,hi,0,0,9,6
103,7,f5,hlength,1,0,9,18
103,7,f5,hmax,0,0,11,6
103,7,f5,hnba,0,0,9,10
103,7,f1,hg,0,0,9,6
103,7,f1,hdiff,0,0,9,6
103,7,f2,hg,0,0,17,6
103,7,f2,hdiff,0,0,9,14
103,7,f2,hi,0,0,9,6
103,7,f2,hlength,0,0,17,18
103,7,f2,hmax,0,0,11,6
103,7,f2,hnba,0,0,9,16
103,7,f4,hg,1,0,17,26
103,7,f4,hdiff,1,0,9,24
103,7,f4,hi,0,0,9,6
103,7,f4,hlength,0,0,17,24
103,7,f4,hmax,1,0,17,30
103,7,f4,hnba,1,0,9,36
103,7,f3,hg,0,0,9,10
103,7,f3,hdiff,0,0,11,16
103,7,f3,hi,1,0,15,32
103,7,f3,hlength,0,0,9,10
103,7,f3,hmax,0,0,9,16
103,7,f3,hnba,0,0,9,16
103,7,f6,hg,0,0,9,6
103,7,f6,hdiff,0,0,9,6
103,7,f6,hi,0,0,9,12
103,7,f6,hlength,1,0,9,28
103,7,f6,hmax,0,0,17,10
103,7,f6,hnba,1,0,9,18
104,7,f5,hg,0,0,21,6
104,7,f5,hdiff,0,0,15,6
104,7,f5,hi,0,0,17,6
104,7,f5,hlength,0,0,21,18
104,7,f5,hmax,0,0,11,6
104,7,f5,hnba,0,0,15,10
104,7,f1,hg,0,0,15,6
104,7,f1,hdiff,0,0,15,6
104,7,f2,hg,0,0,15,6
104,7,f2,hdiff,0,0,15,14
104,7,f2,hi,0,0,11,6
104,7,f2,hlength,0,0,15,18
104,7,f2,hmax,0,0,11,6
104,7,f2,hnba,0,0,19,16
104,7,f4,hg,0,0,25,26
104,7,f4,hdiff,0,0,25,24
104,7,f4,hi,0,0,19,6
104,7,f4,hlength,0,0,25,24
104,7,f4,hmax,0,0,31,30
104,7,f4,hnba,0,0,39,36
104,7,f3,hg,0,0,11,10
104,7,f3,hdiff,0,0,21,16
104,7,f3,hi,1,0,11,32
104,7,f3,hlength,0,0,11,10
104,7,f3,hmax,0,0,11,16
104,7,f3,hnba,0,0,19,16
104,7,f6,hg,0,0,25,6
104,7,f6,hdiff,0,0,25,6
104,7,f6,hi,0,0,29,12
104,7,f6,hlength,0,0,31,28
104,7,f6,hmax,0,0,17,10
104,7,f6,hnba,0,0,21,18
105,7,f5,hg,0,0,17,6
105,7,f5,hdiff,0,0,17,6
105,7,f5,hi,0,0,11,6
105,7,f5,hlength,0,0,17,18
105,7,f5,hmax,0,0,11,6
105,7,f5,hnba,0,0,19,10
105,7,f1,hg,0,0,11,6
105,7,f1,hdiff,0,0,15,6
105,7,f2,hg,0,0,15,6
105,7,f2,hdiff,0,0,15,14
105,7,f2,hi,0,0,11,6
105,7,f2,hlength,0,0,25,18
105,7,f2,hmax,0,0,11,6
105,7,f2,hnba,0,0,19,16
105,7,f4,hg,0,0,25,26
105,7,f4,hdiff,0,0,27,24
105,7,f4,hi,0,0,33,6
105,7,f4,hlength,0,0,25,24
105,7,f4,hmax,0,0,31,30
105,7,f4,hnba,0,0,39,36
105,7,f3,hg,0,0,11,10
105,7,f3,hdiff,0,0,11,16
105,7,f3,hi,1,0,11,32
105,7,f3,hlength,0,0,11,10
105,7,f3,hmax,0,0,17,16
105,7,f3,hnba,0,0,19,16
105,7,f6,hg,0,0,39,6
105,7,f6,hdiff,0,0,27,6
105,7,f6,hi,0,0,21,12
105,7,f6,hlength,0,0,39,28
105,7,f6,hmax,0,0,17,10
105,7,f6,hnba,0,0,27,18
106,7,f5,hg,0,0,13,6
106,7,f5,hdiff,0,0,15,6
106,7,f5,hi,0,0,11,6
106,7,f5,hlength,0,0,13,18
106,7,f5,hmax,0,0,11,6
106,7,f5,hnba,0,0,15,10
106,7,f1,hg,0,0,15,6
106,7,f1,hdiff,0,0,11,6
106,7,f2,hg,0,0,15,6
106,7,f2,hdiff,0,0,15,14
106,7,f2,hi,0,0,19,6
106,7,f2,hlength,0,0,23,18
106,7,f2,hmax,0,0,11,6
106,7,f2,hnba,0,0,19,16
106,7,f4,hg,0,0,41,26
106,7,f4,hdiff,0,0,25,24
106,7,f4,hi,0,0,13,6
106,7,f4,hlength,0,0,35,24
106,7,f4,hmax,0,0,31,30
106,7,f4,hnba,0,0,37,36
106,7,f3,hg,0,0,11,10
106,7,f3,hdiff,0,0,11,16
106,7,f3,hi,1,0,11,32
106,7,f3,hlength,0,0,11,10
106,7,f3,hmax,0,0,21,16
106,7,f3,hnba,0,0,19,16
106,7,f6,hg,0,0,25,6
106,7,f6,hdiff,0,0,27,6
106,7,f6,hi,0,0,13,12
106,7,f6,hlength,0,0,31,28
106,7,f6,hmax,0,0,29,10
106,7,f6,hnba,0,0,29,18
107,7,f5,hg,0,0,17,6
107,7,f5,hdiff,0,0,17,6
107,7,f5,hi,0,0,11,6
107,7,f5,hlength,0,0,17,18
107,7,f5,hmax,0,0,11,6
107,7,f5,hnba,0,0,15,10
107,7,f1,hg,0,0,11,6
107,7,f1,hdiff,0,0,15,6
107,7,f2,hg,0,0,11,6
107,7,f2,hdiff,0,0,11,14
107,7,f2,hi,0,0,11,6
107,7,f2,hlength,0,0,23,18
107,7,f2,hmax,0,0,11,6
107,7,f2,hnba,0,0,19,16
107,7,f4,hg,0,0,45,26
107,7,f4,hdiff,0,0,35,24
107,7,f4,hi,0,0,25,6
107,7,f4,hlength,0,0,35,24
107,7,f4,hmax,0,0,33,30
107,7,f4,hnba,0,0,39,36
107,7,f3,hg,0,0,11,10
107,7,f3,hdiff,0,0,11,16
107,7,f3,hi,1,0,11,32
107,7,f3,hlength,0,0,11,10
107,7,f3,hmax,0,0,21,16
107,7,f3,hnba,0,0,19,16
107,7,f6,hg,0,0,35,6
107,7,f6,hdiff,0,0,35,6
107,7,f6,hi,0,0,21,12
107,7,f6,hlength,0,0,45,28
107,7,f6,hmax,0,0,21,10
107,7,f6,hnba,0,0,29,18
108,8,f5,hg,0,0,14,6
108,8,f5,hdiff,0,0,14,6
108,8,f5,hi,0,0,14,6
108,8,f5,hlength,0,0,14,18
108,8,f5,hmax,0,0,12,6
108,8,f5,hnba,0,0,14,10
108,8,f1,hg,0,0,14,6
108,8,f1,hdiff,0,0,14,6
108,8,f2,hg,0,0,14,6
108,8,f2,hdiff,0,0,14,14
108,8,f2,hi,0,0,14,6
108,8,f2,hlength,0,0,28,18
108,8,f2,hmax,0,0,12,6
108,8,f2,hnba,0,0,14,16
108,8,f4,hg,0,0,28,26
108,8,f4,hdiff,0,0,28,24
108,8,f4,hi,0,0,24,6
108,8,f4,hlength,0,0,40,24
108,8,f4,hmax,0,0,40,30
108,8,f4,hnba,0,0,48,36
108,8,f3,hg,0,0,12,10
108,8,f3,hdiff,0,0,14,16
108,8,f3,hi,1,0,18,32
108,8,f3,hlength,0,0,14,10
108,8,f3,hmax,0,0,14,16
108,8,f3,hnba,0,0,14,16
108,8,f6,hg,0,0,20,6
108,8,f6,hdiff,0,0,22,6
108,8,f6,hi,0,0,22,12
108,8,f6,hlength,0,0,28,28
108,8,f6,hmax,0,0,12,10
108,8,f6,hnba,0,0,22,18
109,8,f5,hg,0,0,14,6
109,8,f5,hdiff,0,0,16,6
109,8,f5,hi,0,0,14,6
109,8,f5,hlength,0,0,14,18
109,8,f5,hmax,0,0,12,6
109,8,f5,hnba,0,0,14,10
109,8,f1,hg,0,0,18,6
109,8,f1,hdiff,0,0,18,6
109,8,f2,hg,0,0,22,6
109,8,f2,hdiff,0,0,18,14
109,8,f2,hi,0,0,14,6
109,8,f2,hlength,0,0,20,18
109,8,f2,hmax,0,0,12,6
109,8,f2,hnba,0,0,20,16
109,8,f4,hg,0,0,32,26
109,8,f4,hdiff,0,0,30,24
109,8,f4,hi,0,0,44,6
109,8,f4,hlength,0,0,30,24
109,8,f4,hmax,0,0,32,30
109,8,f4,hnba,0,0,48,36
109,8,f3,hg,0,0,12,10
109,8,f3,hdiff,0,0,14,16
109,8,f3,hi,1,0,20,32
109,8,f3,hlength,0,0,14,10
109,8,f3,hmax,0,0,14,16
109,8,f3,hnba,0,0,20,16
109,8,f6,hg,0,0,20,6
109,8,f6,hdiff,0,0,20,6
109,8,f6,hi,0,0,14,12
109,8,f6,hlength,0,0,30,28
109,8,f6,hmax,0,0,12,10
109,8,f6,hnba,0,0,18,18
110,8,f5,hg,0,0,16,6
110,8,f5,hdiff,0,0,14,6
110,8,f5,hi,0,0,26,6
110,8,f5,hlength,0,0,16,18
110,8,f5,hmax,0,0,12,6
110,8,f5,hnba,0,0,14,10
110,8,f1,hg,0,0,14,6
110,8,f1,hdiff,0,0,14,6
110,8,f2,hg,0,0,16,6
110,8,f2,hdiff,0,0,20,14
110,8,f2,hi,0,0,12,6
110,8,f2,hlength,0,0,28,18
110,8,f2,hmax,0,0,12,6
110,8,f2,hnba,0,0,18,16
110,8,f4,hg,0,0,28,26
110,8,f4,hdiff,0,0,28,24
110,8,f4,hi,0,0,48,6
110,8,f4,hlength,0,0,38,24
110,8,f4,hmax,0,0,34,30
110,8,f4,hnba,0,0,40,36
110,8,f3,hg,0,0,12,10
110,8,f3,hdiff,0,0,16,16
110,8,f3,hi,1,0,16,32
110,8,f3,hlength,0,0,14,10
110,8,f3,hmax,0,0,20,16
110,8,f3,hnba,0,0,18,16
110,8,f6,hg,0,0,16,6
110,8,f6,hdiff,0,0,14,6
110,8,f6,hi,0,0,26,12
110,8,f6,hlength,0,0,34,28
110,8,f6,hmax,0,0,12,10
110,8,f6,hnba,0,0,30,18
111,8,f5,hg,0,0,22,6
111,8,f5,hdiff,0,0,14,6
111,8,f5,hi,0,0,20,6
111,8,f5,hlength,0,0,14,18
111,8,f5,hmax,0,0,12,6
111,8,f5,hnba,0,0,14,10
111,8,f1,hg,0,0,14,6
111,8,f1,hdiff,0,0,14,6
111,8,f2,hg,0,0,22,6
111,8,f2,hdiff,0,0,16,14
111,8,f2,hi,0,0,12,6
111,8,f2,hlength,0,0,22,18
111,8,f2,hmax,0,0,12,6
111,8,f2,hnba,0,0,14,16
111,8,f4,hg,0,0,28,26
111,8,f4,hdiff,0,0,42,24
111,8,f4,hi,0,0,34,6
111,8,f4,hlength,0,0,38,24
111,8,f4,hmax,0,0,34,30
111,8,f4,hnba,0,0,42,36
111,8,f3,hg,0,0,12,10
111,8,f3,hdiff,0,0,14,16
111,8,f3,hi,1,0,16,32
111,8,f3,hlength,0,0,14,10
111,8,f3,hmax,0,0,22,16
111,8,f3,hnba,0,0,14,16
111,8,f6,hg,0,0,22,6
111,8,f6,hdiff,0,0,14,6
111,8,f6,hi,0,0,32,12
111,8,f6,hlength,0,0,34,28
111,8,f6,hmax,0,0,12,10
111,8,f6,hnba,0,0,24,18
112,8,f5,hg,0,0,10,6
112,8,f5,hdiff,0,0,10,6
112,8,f5,hi,0,0,10,6
112,8,f5,hlength,0,0,10,18
112,8,f5,hmax,0,0,12,6
112,8,f5,hnba,0,0,10,10
112,8,f1,hg,0,0,10,6
112,8,f1,hdiff,0,0,10,6
112,8,f2,hg,0,0,10,6
112,8,f2,hdiff,0,0,10,14
112,8,f2,hi,0,0,12,6
112,8,f2,hlength,0,0,10,18
112,8,f2,hmax,0,0,10,6
112,8,f2,hnba,0,0,10,16
112,8,f4,hg,1,0,10,26
112,8,f4,hdiff,1,0,10,24
112,8,f4,hi,0,0,18,6
112,8,f4,hlength,1,0,10,24
112,8,f4,hmax,1,0,18,30
112,8,f4,hnba,1,0,18,36
112,8,f3,hg,0,0,14,10
112,8,f3,hdiff,0,0,20,16
112,8,f3,hi,1,0,10,32
112,8,f3,hlength,0,0,14,10
112,8,f3,hmax,0,0,18,16
112,8,f3,hnba,0,0,10,16
112,8,f6,hg,0,0,10,6
112,8,f6,hdiff,0,0,10,6
112,8,f6,hi,0,0,20,12
112,8,f6,hlength,1,0,10,28
112,8,f6,hmax,0,0,12,10
112,8,f6,hnba,0,0,20,18
113,8,f5,hg,0,0,12,6
113,8,f5,hdiff,0,0,12,6
113,8,f5,hi,0,0,12,6
113,8,f5,hlength,0,0,16,18
113,8,f5,hmax,0,0,12,6
113,8,f5,hnba,0,0,12,10
113,8,f1,hg,0,0,12,6
113,8,f1,hdiff,0,0,12,6
113,8,f2,hg,0,0,12,6
113,8,f2,hdiff,0,0,12,14
113,8,f2,hi,0,0,12,6
113,8,f2,hlength,0,0,16,18
113,8,f2,hmax,0,0,12,6
113,8,f2,hnba,0,0,12,16
113,8,f4,hg,1,0,16,26
113,8,f4,hdiff,1,0,12,24
113,8,f4,hi,0,0,12,6
113,8,f4,hlength,0,0,16,24
113,8,f4,hmax,1,0,18,30
113,8,f4,hnba,1,0,12,36
113,8,f3,hg,0,0,14,10
113,8,f3,hdiff,0,0,20,16
113,8,f3,hi,1,0,16,32
113,8,f3,hlength,0,0,14,10
113,8,f3,hmax,0,0,16,16
113,8,f3,hnba,0,0,12,16
113,8,f6,hg,0,0,16,6
113,8,f6,hdiff,0,0,12,6
113,8,f6,hi,0,0,12,12
113,8,f6,hlength,1,0,16,28
113,8,f6,hmax,0,0,12,10
113,8,f6,hnba,0,0,12,18
114,8,f5,hg,0,0,14,6
114,8,f5,hdiff,0,0,14,6
114,8,f5,hi,0,0,14,6
114,8,f5,hlength,0,0,14,18
114,8,f5,hmax,0,0,12,6
114,8,f5,hnba,0,0,14,10
114,8,f1,hg,0,0,14,6
114,8,f1,hdiff,0,0,14,6
114,8,f2,hg,0,0,14,6
114,8,f2,hdiff,0,0,14,14
114,8,f2,hi,0,0,14,6
114,8,f2,hlength,0,0,14,18
114,8,f2,hmax,0,0,12,6
114,8,f2,hnba,0,0,14,16
114,8,f4,hg,1,0,14,26
114,8,f4,hdiff,1,0,14,24
114,8,f4,hi,0,0,14,6
114,8,f4,hlength,1,0,14,24
114,8,f4,hmax,1,0,18,30
114,8,f4,hnba,1,0,14,36
114,8,f3,hg,0,0,12,10
114,8,f3,hdiff,0,0,14,16
114,8,f3,hi,1,0,14,32
114,8,f3,hlength,0,0,14,10
114,8,f3,hmax,0,0,14,16
114,8,f3,hnba,0,0,14,16
114,8,f6,hg,0,0,14,6
114,8,f6,hdiff,0,0,14,6
114,8,f6,hi,0,0,14,12
114,8,f6,hlength,1,0,14,28
114,8,f6,hmax,0,0,12,10
114,8,f6,hnba,0,0,12,18
115,8,f5,hg,0,0,12,6
115,8,f5,hdiff,0,0,16,6
115,8,f5,hi,0,0,16,6
115,8,f5,hlength,0,0,12,18
115,8,f5,hmax,0,0,12,6
115,8,f5,hnba,0,0,12,10
115,8,f1,hg,0,0,16,6
115,8,f1,hdiff,0,0,16,6
115,8,f2,hg,0,0,12,6
115,8,f2,hdiff,0,0,16,14
115,8,f2,hi,0,0,12,6
115,8,f2,hlength,0,0,12,18
115,8,f2,hmax,0,0,12,6
115,8,f2,hnba,0,0,12,16
115,8,f4,hg,1,0,12,26
115,8,f4,hdiff,0,0,16,24
115,8,f4,hi,0,0,16,6
115,8,f4,hlength,1,0,12,24
115,8,f4,hmax,1,0,18,30
115,8,f4,hnba,1,0,16,36
115,8,f3,hg,0,0,12,10
115,8,f3,hdiff,0,0,14,16
115,8,f3,hi,1,0,12,32
115,8,f3,hlength,0,0,14,10
115,8,f3,hmax,0,0,12,16
115,8,f3,hnba,0,0,12,16
115,8,f6,hg,0,0,12,6
115,8,f6,hdiff,0,0,16,6
115,8,f6,hi,0,0,34,12
115,8,f6,hlength,1,0,12,28
115,8,f6,hmax,0,0,12,10
115,8,f6,hnba,0,0,16,18
116,8,f5,hg,0,0,16,6
116,8,f5,hdiff,0,0,18,6
116,8,f5,hi,0,0,14,6
116,8,f5,hlength,0,0,28,18
116,8,f5,hmax,0,0,12,6
116,8,f5,hnba,0,0,12,10
116,8,f1,hg,0,0,16,6
116,8,f1,hdiff,0,0,16,6
116,8,f2,hg,0,0,16,6
116,8,f2,hdiff,0,0,16,14
116,8,f2,hi,0,0,16,6
116,8,f2,hlength,0,0,18,18
116,8,f2,hmax,0,0,12,6
116,8,f2,hnba,0,0,18,16
116,8,f4,hg,0,0,40,26
116,8,f4,hdiff,0,0,26,24
116,8,f4,hi,0,0,48,6
116,8,f4,hlength,0,0,50,24
116,8,f4,hmax,0,0,32,30
116,8,f4,hnba,0,0,38,36
116,8,f3,hg,0,0,12,10
116,8,f3,hdiff,0,0,14,16
116,8,f3,hi,1,0,18,32
116,8,f3,hlength,0,0,14,10
116,8,f3,hmax,0,0,18,16
116,8,f3,hnba,0,0,18,16
116,8,f6,hg,0,0,16,6
116,8,f6,hdiff,0,0,12,6
116,8,f6,hi,0,0,24,12
116,8,f6,hlength,0,0,30,28
116,8,f6,hmax,0,0,12,10
116,8,f6,hnba,0,0,12,18
117,8,f5,hg,0,0,12,6
117,8,f5,hdiff,0,0,12,6
117,8,f5,hi,0,0,18,6
117,8,f5,hlength,0,0,12,18
117,8,f5,hmax,0,0,12,6
117,8,f5,hnba,0,0,14,10
117,8,f1,hg,0,0,12,6
117,8,f1,hdiff,0,0,16,6
117,8,f2,hg,0,0,12,6
117,8,f2,hdiff,0,0,12,14
117,8,f2,hi,0,0,12,6
117,8,f2,hlength,0,0,18,18
117,8,f2,hmax,0,0,12,6
117,8,f2,hnba,0,0,18,16
117,8,f4,hg,0,0,52,26
117,8,f4,hdiff,0,0,36,24
117,8,f4,hi,0,0,50,6
117,8,f4,hlength,0,0,50,24
117,8,f4,hmax,0,0,32,30
117,8,f4,hnba,0,0,40,36
117,8,f3,hg,0,0,14,10
117,8,f3,hdiff,0,0,12,16
117,8,f3,hi,1,0,18,32
117,8,f3,hlength,0,0,14,10
117,8,f3,hmax,0,0,24,16
117,8,f3,hnba,0,0,18,16
117,8,f6,hg,0,0,12,6
117,8,f6,hdiff,0,0,12,6
117,8,f6,hi,0,0,18,12
117,8,f6,hlength,0,0,30,28
117,8,f6,hmax,0,0,12,10
117,8,f6,hnba,0,0,12,18
118,8,f5,hg,0,0,8,6
118,8,f5,hdiff,0,0,8,6
118,8,f5,hi,0,0,8,6
118,8,f5,hlength,1,0,8,18
118,8,f5,hmax,0,0,12,6
118,8,f5,hnba,0,0,8,10
118,8,f1,hg,0,0,8,6
118,8,f1,hdiff,0,0,8,6
118,8,f2,hg,0,0,8,6
118,8,f2,hdiff,0,0,8,14
118,8,f2,hi,0,0,8,6
118,8,f2,hlength,1,0,8,18
118,8,f2,hmax,0,0,12,6
118,8,f2,hnba,0,0,8,16
118,8,f4,hg,1,0,8,26
118,8,f4,hdiff,1,0,8,24
118,8,f4,hi,0,0,20,6
118,8,f4,hlength,1,0,8,24
118,8,f4,hmax,1,0,12,30
118,8,f4,hnba,1,0,20,36
118,8,f3,hg,0,0,8,10
118,8,f3,hdiff,0,0,8,16
118,8,f3,hi,1,0,8,32
118,8,f3,hlength,0,0,8,10
118,8,f3,hmax,0,0,8,16
118,8,f3,hnba,0,0,8,16
118,8,f6,hg,0,0,8,6
118,8,f6,hdiff,0,0,8,6
118,8,f6,hi,0,0,38,12
118,8,f6,hlength,1,0,8,28
118,8,f6,hmax,0,0,12,10
118,8,f6,hnba,0,0,12,18
119,8,f5,hg,0,0,18,6
119,8,f5,hdiff,0,0,10,6
119,8,f5,hi,0,0,10,6
119,8,f5,hlength,0,0,22,18
119,8,f5,hmax,0,0,12,6
119,8,f5,hnba,0,0,12,10
119,8,f1,hg,0,0,10,6
119,8,f1,hdiff,0,0,10,6
119,8,f2,hg,0,0,18,6
119,8,f2,hdiff,0,0,10,14
119,8,f2,hi,0,0,10,6
119,8,f2,hlength,0,0,18,18
119,8,f2,hmax,0,0,12,6
119,8,f2,hnba,0,0,10,16
119,8,f4,hg,0,0,18,26
119,8,f4,hdiff,1,0,10,24
119,8,f4,hi,0,0,10,6
119,8,f4,hlength,0,0,18,24
119,8,f4,hmax,1,0,12,30
119,8,f4,hnba,1,0,10,36
119,8,f3,hg,0,0,10,10
119,8,f3,hdiff,0,0,14,16
119,8,f3,hi,1,0,18,32
119,8,f3,hlength,0,0,10,10
119,8,f3,hmax,0,0,10,16
119,8,f3,hnba,0,0,10,16
119,8,f6,hg,0,0,18,6
119,8,f6,hdiff,0,0,10,6
119,8,f6,hi,0,0,10,12
119,8,f6,hlength,1,0,18,28
119,8,f6,hmax,0,0,12,10
119,8,f6,hnba,0,0,12,18
120,8,f5,hg,0,0,16,6
120,8,f5,hdiff,0,0,12,6
120,8,f5,hi,0,0,12,6
120,8,f5,hlength,0,0,16,18
120,8,f5,hmax,0,0,12,6
120,8,f5,hnba,0,0,12,10
120,8,f1,hg,0,0,16,6
120,8,f1,hdiff,0,0,16,6
120,8,f2,hg,0,0,16,6
120,8,f2,hdiff,0,0,16,14
120,8,f2,hi,0,0,12,6
120,8,f2,hlength,0,0,16,18
120,8,f2,hmax,0,0,12,6
120,8,f2,hnba,0,0,20,16
120,8,f4,hg,0,0,26,26
120,8,f4,hdiff,0,0,26,24
120,8,f4,hi,0,0,34,6
120,8,f4,hlength,0,0,26,24
120,8,f4,hmax,0,0,34,30
120,8,f4,hnba,0,0,40,36
120,8,f3,hg,0,0,12,10
120,8,f3,hdiff,0,0,12,16
120,8,f3,hi,1,0,16,32
120,8,f3,hlength,0,0,12,10
120,8,f3,hmax,0,0,12,16
120,8,f3,hnba,0,0,20,16
120,8,f6,hg,0,0,16,6
120,8,f6,hdiff,0,0,20,6
120,8,f6,hi,0,0,30,12
120,8,f6,hlength,0,0,26,28
120,8,f6,hmax,0,0,12,10
120,8,f6,hnba,0,0,20,18
121,8,f5,hg,0,0,22,6
121,8,f5,hdiff,0,0,18,6
121,8,f5,hi,0,0,16,6
121,8,f5,hlength,0,0,16,18
121,8,f5,hmax,0,0,12,6
121,8,f5,hnba,0,0,12,10
121,8,f1,hg,0,0,12,6
121,8,f1,hdiff,0,0,16,6
121,8,f2,hg,0,0,16,6
121,8,f2,hdiff,0,0,16,14
121,8,f2,hi,0,0,12,6
121,8,f2,hlength,0,0,26,18
121,8,f2,hmax,0,0,12,6
121,8,f2,hnba,0,0,20,16
121,8,f4,hg,0,0,26,26
121,8,f4,hdiff,0,0,28,24
121,8,f4,hi,0,0,44,6
121,8,f4,hlength,0,0,26,24
121,8,f4,hmax,0,0,34,30
121,8,f4,hnba,0,0,40,36
121,8,f3,hg,0,0,12,10
121,8,f3,hdiff,0,0,12,16
121,8,f3,hi,1,0,16,32
121,8,f3,hlength,0,0,12,10
121,8,f3,hmax,0,0,18,16
121,8,f3,hnba,0,0,20,16
121,8,f6,hg,0,0,16,6
121,8,f6,hdiff,0,0,18,6
121,8,f6,hi,0,0,34,12
121,8,f6,hlength,0,0,26,28
121,8,f6,hmax,0,0,12,10
121,8,f6,hnba,0,0,20,18
122,8,f5,hg,0,0,16,6
122,8,f5,hdiff,0,0,12,6
122,8,f5,hi,0,0,12,6
122,8,f5,hlength,0,0,22,18
122,8,f5,hmax,0,0,12,6
122,8,f5,hnba,0,0,12,10
122,8,f1,hg,0,0,16,6
122,8,f1,hdiff,0,0,12,6
122,8,f2,hg,0,0,16,6
122,8,f2,hdiff,0,0,16,14
122,8,f2,hi,0,0,16,6
122,8,f2,hlength,0,0,24,18
122,8,f2,hmax,0,0,12,6
122,8,f2,hnba,0,0,20,16
122,8,f4,hg,0,0,42,26
122,8,f4,hdiff,0,0,26,24
122,8,f4,hi,0,0,26,6
122,8,f4,hlength,0,0,36,24
122,8,f4,hmax,1,0,18,30
122,8,f4,hnba,0,0,38,36
122,8,f3,hg,0,0,12,10
122,8,f3,hdiff,0,0,18,16
122,8,f3,hi,1,0,18,32
122,8,f3,hlength,0,0,12,10
122,8,f3,hmax,0,0,22,16
122,8,f3,hnba,0,0,20,16
122,8,f6,hg,0,0,16,6
122,8,f6,hdiff,0,0,22,6
122,8,f6,hi,0,0,24,12
122,8,f6,hlength,0,0,36,28
122,8,f6,hmax,0,0,12,10
122,8,f6,hnba,0,0,12,18
123,8,f5,hg,0,0,12,6
123,8,f5,hdiff,0,0,16,6
123,8,f5,hi,0,0,18,6
123,8,f5,hlength,0,0,12,18
123,8,f5,hmax,0,0,12,6
123,8,f5,hnba,0,0,12,10
123,8,f1,hg,0,0,12,6
123,8,f1,hdiff,0,0,16,6
123,8,f2,hg,0,0,12,6
123,8,f2,hdiff,0,0,12,14
123,8,f2,hi,0,0,12,6
123,8,f2,hlength,0,0,24,18
123,8,f2,hmax,0,0,12,6
123,8,f2,hnba,0,0,20,16
123,8,f4,hg,0,0,46,26
123,8,f4,hdiff,0,0,36,24
123,8,f4,hi,0,0,38,6
123,8,f4,hlength,0,0,36,24
123,8,f4,hmax,1,0,18,30
123,8,f4,hnba,0,0,40,36
123,8,f3,hg,0,0,12,10
123,8,f3,hdiff,0,0,12,16
123,8,f3,hi,1,0,22,32
123,8,f3,hlength,0,0,12,10
123,8,f3,hmax,0,0,22,16
123,8,f3,hnba,0,0,20,16
123,8,f6,hg,0,0,12,6
123,8,f6,hdiff,0,0,20,6
123,8,f6,hi,0,0,18,12
123,8,f6,hlength,0,0,36,28
123,8,f6,hmax,0,0,12,10
123,8,f6,hnba,0,0,12,18
